0,0,243022,293038,136304,99986,89136
0,0,242657,293622,135267,98990,88473
0,0,242967,293954,136065,98605,89240
0,0,242345,294229,136062,98280,88607
0,0,242303,293289,135579,99091,88926
0,0,242594,294462,135583,98682,88330
0,0,241816,293373,135933,98884,88763
0,0,241397,293804,136271,98751,88932
0,0,243233,292981,135328,99071,89055
0,0,241514,292247,135554,98619,88824
0,0,242079,293788,135921,99155,89394
0,0,242146,293863,135780,98936,88829
0,0,242087,293479,135795,98722,88680
0,0,242711,294291,135544,98817,89245
0,0,241785,293221,135436,98040,89344
0,0,243031,293784,135794,98386,89216
0,0,242572,293887,135886,98600,88470
0,0,242650,293322,136248,99065,88815
0,0,242368,293749,135709,98986,88578
0,0,241983,293943,135442,98369,88244
1,0.2,132242,197448,98614,73750,69352
1,0.2,132356,196988,98119,74096,69425
1,0.2,132366,197884,98991,74228,69498
1,0.2,132216,197652,98794,74578,69074
1,0.2,132774,197650,98974,73809,69749
1,0.2,132520,197315,98622,73995,69315
1,0.2,133037,197244,98891,73849,69201
1,0.2,132583,196685,98957,74199,69078
1,0.2,131762,197166,99202,74344,69079
1,0.2,132693,197010,98745,74241,69355
1,0.2,132765,197085,98783,73862,69284
1,0.2,132969,197064,98735,74473,68524
1,0.2,132366,197459,98438,73966,69118
1,0.2,132269,198070,99061,74352,68846
1,0.2,132550,197547,98625,74684,69173
1,0.2,132066,197075,99246,74565,69308
1,0.2,132226,197668,98887,74460,68651
1,0.2,132173,197583,98600,74399,69181
1,0.2,132045,196808,99375,74665,68651
1,0.2,131916,197241,99270,74061,68685
2,0.4,79744,134212,72549,55482,53365
2,0.4,79456,133736,71860,55905,53849
2,0.4,79619,133834,72131,56014,53269
2,0.4,79886,133924,72186,55574,53203
2,0.4,79062,133782,71649,56033,53785
2,0.4,80437,133740,72253,55909,53484
2,0.4,79402,133712,72264,56122,53748
2,0.4,79726,133655,71593,56238,54125
2,0.4,79432,133809,72454,55800,53373
2,0.4,79519,133253,72419,55858,53377
2,0.4,79750,134117,72169,55427,53864
2,0.4,79986,133014,72105,55899,53450
2,0.4,79711,133317,71793,55662,53938
2,0.4,79473,134156,72279,56043,53543
2,0.4,79108,133344,71601,56046,53883
2,0.4,79684,133726,72627,55853,53731
2,0.4,79542,134216,72099,55885,53885
2,0.4,79612,134009,72337,55600,53937
2,0.4,79457,133458,71898,55991,53751
2,0.4,79414,133852,72183,55722,53877
3,0.6,50609,91406,52536,42172,41796
3,0.6,50428,91395,52287,41720,41678
3,0.6,50329,91147,52213,42231,41804
3,0.6,50069,91515,52666,41958,41829
3,0.6,50160,90940,52558,42113,41860
3,0.6,50337,91636,52538,42371,41607
3,0.6,50238,91943,52456,42144,41920
3,0.6,50190,91709,52640,42235,41886
3,0.6,50230,90925,52694,42215,41466
3,0.6,50482,91647,52901,42416,42223
3,0.6,50219,91200,52491,41766,41806
3,0.6,50099,91669,52394,42024,41513
3,0.6,50637,90726,52482,41947,41899
3,0.6,50314,91565,52366,41911,42010
3,0.6,50262,91009,52690,41920,41443
3,0.6,50187,91875,52785,42301,41938
3,0.6,50280,91698,52780,41889,41628
3,0.6,50162,91244,52636,42197,41888
3,0.6,50354,91661,52487,42170,41718
3,0.6,50280,91473,52483,41906,41774
4,0.8,32475,63186,38542,31601,32487
4,0.8,33024,62741,38293,31660,32518
4,0.8,32776,62588,38256,31719,32172
4,0.8,32640,62569,38493,31660,32416
4,0.8,33074,62898,38327,31383,32474
4,0.8,33258,62481,38180,31543,32470
4,0.8,33325,62656,38499,31569,32407
4,0.8,32865,62792,38514,31424,32489
4,0.8,32917,62915,38718,31680,32254
4,0.8,33039,62910,38437,31600,32737
4,0.8,32824,63047,38407,31430,32097
4,0.8,33025,62457,38288,31675,32466
4,0.8,32758,63268,38220,31635,32326
4,0.8,33097,62557,38387,31760,32635
4,0.8,32954,63053,38429,31509,32505
4,0.8,33026,63112,38215,31815,32557
4,0.8,32826,62683,38515,31651,32359
4,0.8,33146,62764,38202,31965,32745
4,0.8,32815,62728,38467,31768,32250
4,0.8,32806,63087,38168,31508,32549
5,1,22251,43528,27951,23541,25056
5,1,22027,43498,27922,23735,25167
5,1,21840,43545,28074,23735,25351
5,1,22018,43673,27949,23643,25627
5,1,22171,43649,28142,23823,25344
5,1,22157,43773,28356,23851,25003
5,1,22008,43254,27889,23811,25007
5,1,21957,43387,28130,23829,25143
5,1,22019,43211,27890,23823,25099
5,1,22002,43308,28051,23876,25091
5,1,22171,43749,27651,23891,25438
5,1,22023,43502,27919,23922,25080
5,1,22033,43206,28278,23826,25308
5,1,22150,43665,28228,23847,25326
5,1,22446,43198,28038,23719,25129
5,1,21792,43564,28086,23706,25123
5,1,21980,43343,28400,24038,25388
5,1,22070,43021,28191,23784,25630
5,1,21853,43898,27693,24045,25279
5,1,21969,43476,28110,23992,25304
6,1.2,15203,30271,20917,18102,19271
6,1.2,15112,30395,20735,18011,19635
6,1.2,14865,30449,20515,17788,19490
6,1.2,15053,30316,20795,18067,19551
6,1.2,15022,30642,20638,18122,19691
6,1.2,15183,30378,20634,17915,19922
6,1.2,15222,30035,20504,17758,19496
6,1.2,14892,30371,20588,17605,19617
6,1.2,14966,29904,20421,18248,19780
6,1.2,15006,30168,20519,17904,19747
6,1.2,15190,30361,20723,17960,19927
6,1.2,14816,30421,20510,17771,19520
6,1.2,15150,30437,20631,17940,19620
6,1.2,15034,30390,20258,17678,19626
6,1.2,14902,30187,20748,17744,19680
6,1.2,14954,30296,20475,18025,19658
6,1.2,15088,30121,20631,18149,19747
6,1.2,15059,30852,20782,18089,19355
6,1.2,15256,30630,20538,17780,19732
6,1.2,14858,30512,20636,17871,19712
7,1.4,10675,21230,15070,13498,15112
7,1.4,10346,21024,14905,13515,15146
7,1.4,10301,21337,15006,13464,15321
7,1.4,10191,21219,15049,13634,15439
7,1.4,10217,21099,14945,13513,15166
7,1.4,10450,21404,15184,13523,15545
7,1.4,10357,21342,15232,13776,15132
7,1.4,10248,20873,15368,13544,15131
7,1.4,10269,21254,14954,13437,15051
7,1.4,10174,21225,15256,13526,15253
7,1.4,10226,21118,14851,13353,15337
7,1.4,10521,21348,14790,13652,15164
7,1.4,10392,21148,15007,13410,15409
7,1.4,10278,21397,15051,13606,15615
7,1.4,10446,21364,15042,13679,15157
7,1.4,10270,21352,15215,13367,15298
7,1.4,10444,21296,15114,13441,15282
7,1.4,10507,21103,14882,13538,15304
7,1.4,10378,21185,14810,13420,15484
7,1.4,10419,21149,14938,13646,15378
8,1.6,7137,15063,11131,10114,11867
8,1.6,7309,14986,11080,10307,11867
8,1.6,7342,14921,10990,10081,11937
8,1.6,7126,15292,11003,10212,11792
8,1.6,7217,14995,10961,10316,11789
8,1.6,7205,14987,11110,10189,11747
8,1.6,7191,14892,10990,10119,11867
8,1.6,7358,15000,10942,10298,11949
8,1.6,7133,15059,11296,10223,12078
8,1.6,7200,14871,11107,10056,11952
8,1.6,7122,15064,10922,10235,11837
8,1.6,7220,14977,10968,10215,11961
8,1.6,7131,15146,11040,10034,11883
8,1.6,7284,14923,11004,10200,11750
8,1.6,7040,15093,11041,10412,12062
8,1.6,7252,14986,11186,10232,12208
8,1.6,7234,15157,11086,10018,11985
8,1.6,7314,15077,11015,10287,11859
8,1.6,7293,15248,10874,10250,11783
8,1.6,7253,15044,11015,10129,11848
9,1.8,5102,10470,8016,7787,9225
9,1.8,5040,10586,8246,7658,9258
9,1.8,4989,10702,8215,7592,9197
9,1.8,5108,10770,8225,7682,9310
9,1.8,5071,10666,8045,7648,9188
9,1.8,5108,10669,7956,7653,9181
9,1.8,4990,10735,8061,7600,9157
9,1.8,5010,10588,8051,7658,9260
9,1.8,5027,10886,8166,7745,9160
9,1.8,5101,10578,8082,7746,9194
9,1.8,5016,10751,8108,7723,9111
9,1.8,5115,10759,8234,7555,9386
9,1.8,5057,10804,8143,7606,9277
9,1.8,5035,10762,8170,7684,9272
9,1.8,5215,10687,8018,7593,9259
9,1.8,5046,10805,8094,7736,9234
9,1.8,4998,10539,8105,7730,9328
9,1.8,5080,10644,8239,7626,9300
9,1.8,5068,10488,8152,7610,9436
9,1.8,5048,10586,8022,7665,9297
10,2,3630,7521,6083,5869,7246
10,2,3480,7509,5893,5819,7241
10,2,3616,7676,5863,5747,7288
10,2,3489,7566,6087,5650,7187
10,2,3628,7616,6084,5765,7139
10,2,3562,7559,5985,5853,7180
10,2,3651,7635,5927,5948,7258
10,2,3590,7505,6008,5809,7149
10,2,3574,7658,5988,5870,7188
10,2,3675,7620,5972,5865,7109
10,2,3504,7685,5993,5805,7246
10,2,3562,7728,5945,5771,7309
10,2,3536,7667,5966,5930,7159
10,2,3612,7407,5837,5825,7302
10,2,3640,7714,5881,5692,7162
10,2,3533,7647,5950,5982,7244
10,2,3658,7482,5936,5792,7256
10,2,3570,7610,6042,5741,7160
10,2,3589,7641,5910,5875,7244
10,2,3531,7591,5829,5724,7199
0,0,242089,293459,135479,98791,88896
0,0,242552,293972,135578,98805,89018
0,0,242743,293979,135663,99341,88148
0,0,242460,294165,136001,98690,89044
0,0,242103,294025,135616,99049,89047
0,0,243152,294177,135226,98400,88714
0,0,243234,292887,135388,98537,89595
0,0,242236,293018,135739,98508,88384
0,0,241714,294270,135795,98908,89014
0,0,242599,294392,136397,98895,88553
0,0,242321,293750,135906,98316,88867
0,0,242461,294554,136113,98582,89305
0,0,243242,293072,136238,98882,88677
0,0,243247,294090,135829,99146,89185
0,0,242495,293886,136390,98467,88809
0,0,242432,293628,135464,98698,89000
0,0,241913,293740,135699,98382,88935
0,0,242311,293835,135369,98462,88813
0,0,242171,293793,135997,98832,88415
0,0,241700,293884,136188,99005,88898
1,0.2,132414,197824,99264,74430,68755
1,0.2,132582,197427,99062,74289,69123
1,0.2,132455,198637,98778,74278,69265
1,0.2,132481,197146,99499,73854,68850
1,0.2,132298,196577,99472,74025,69267
1,0.2,132454,197250,99016,73745,69091
1,0.2,132768,197478,98564,73979,68927
1,0.2,133284,197226,98953,73749,68902
1,0.2,132267,197828,98436,75017,68956
1,0.2,131842,196733,99480,73915,68675
1,0.2,132651,198187,98864,74101,69098
1,0.2,133421,196983,98964,73739,69415
1,0.2,132145,197492,98952,74050,68921
1,0.2,132511,197624,98410,74272,69044
1,0.2,131798,197478,98690,74230,68843
1,0.2,131876,197437,98493,74256,69416
1,0.2,132792,198165,99230,74209,68783
1,0.2,132923,197228,98910,74178,68937
1,0.2,131896,197587,98844,74582,68934
1,0.2,132469,197347,98993,74406,68615
2,0.4,79205,133833,71674,55774,53466
2,0.4,79429,133640,72168,55940,53814
2,0.4,79391,133151,72227,55710,53613
2,0.4,79525,134697,72022,55834,53673
2,0.4,79709,133499,71881,55323,53827
2,0.4,79173,133179,72270,55812,53624
2,0.4,79372,133377,72071,55350,53705
2,0.4,79770,134045,72227,55582,53413
2,0.4,79723,133842,71779,55784,53517
2,0.4,79051,133517,72270,55964,53870
2,0.4,80082,133905,72104,56094,53786
2,0.4,79560,134169,71897,55531,54008
2,0.4,79886,132677,72482,56287,53409
2,0.4,79614,134005,71827,55868,53780
2,0.4,79159,133038,72300,56081,53958
2,0.4,79540,133616,71919,56264,53711
2,0.4,79895,133338,71898,55745,53841
2,0.4,79189,133485,71917,55748,53393
2,0.4,79532,134432,71546,55763,53613
2,0.4,79416,133729,72741,55762,53655
3,0.6,50344,90668,52550,41780,42062
3,0.6,49885,92001,52924,42047,41953
3,0.6,50324,91291,52573,42188,41870
3,0.6,50223,91805,53042,42120,41590
3,0.6,50148,91263,52419,42214,41471
3,0.6,50332,90976,52393,41833,42016
3,0.6,50452,91634,52654,41753,41573
3,0.6,50069,91450,52675,42071,42054
3,0.6,50397,91692,52519,42168,41783
3,0.6,49668,91268,52786,42010,42079
3,0.6,50473,91430,52499,41607,41761
3,0.6,49906,91385,52672,42227,41490
3,0.6,49961,90909,52406,42261,41825
3,0.6,50390,91229,52662,42266,41781
3,0.6,50341,91304,52364,41544,41786
3,0.6,50223,91221,52718,41977,41795
3,0.6,50420,91167,52773,41899,41515
3,0.6,50647,91529,52265,42019,41543
3,0.6,50277,91181,52408,41627,41753
3,0.6,50292,91206,52464,41423,41426
4,0.8,32775,62540,38332,31552,32102
4,0.8,33268,62822,38644,31700,32144
4,0.8,32948,62550,38907,31468,32564
4,0.8,33070,62716,38226,31906,32471
4,0.8,32873,62960,38574,31687,32603
4,0.8,33138,63490,38634,31707,32464
4,0.8,32907,62771,38275,31968,32291
4,0.8,32753,62719,38311,31446,32340
4,0.8,32916,62996,38466,31518,32449
4,0.8,32982,62351,38723,31541,32677
4,0.8,33441,62734,38726,31546,32453
4,0.8,32922,62775,38429,31815,32417
4,0.8,33030,63383,38213,31712,32347
4,0.8,33135,62692,38427,31354,31849
4,0.8,32811,62933,38471,31638,32270
4,0.8,32960,62847,38641,31831,32468
4,0.8,32863,62988,38641,31587,32534
4,0.8,32956,63498,38311,31479,32691
4,0.8,32712,62985,38310,31600,32650
4,0.8,32612,62682,38462,31403,32300
5,1,22068,43636,28695,23851,25210
5,1,22098,43502,28083,23700,25015
5,1,22093,43192,28239,23867,25263
5,1,21934,43337,27820,23684,25586
5,1,22170,43148,28083,23812,25192
5,1,22220,43563,28035,23817,25453
5,1,22212,43493,28165,23672,25096
5,1,22181,43702,28232,23870,25362
5,1,21757,43731,27956,23711,25523
5,1,22077,43523,27997,24029,25243
5,1,22093,43164,27918,23590,25398
5,1,22043,43377,28065,24023,25207
5,1,22302,43400,28197,23809,25353
5,1,22220,43636,27836,23642,25329
5,1,22113,43297,27918,23725,25007
5,1,21986,43978,27777,23635,25290
5,1,22142,43400,28270,23706,25401
5,1,21933,43363,28219,23977,24891
5,1,22057,43551,27811,23711,25350
5,1,22002,43395,28060,23918,25339
6,1.2,14846,30101,20682,18130,19829
6,1.2,15132,30099,20745,18140,19641
6,1.2,14947,30343,20809,17731,19583
6,1.2,14869,30372,20689,17877,19542
6,1.2,15255,30324,20289,18024,19663
6,1.2,15091,30464,20594,17937,19659
6,1.2,15107,30214,20482,17901,19640
6,1.2,15063,30434,20649,18074,19510
6,1.2,15203,30385,20368,17916,19677
6,1.2,14815,30385,20663,17784,19485
6,1.2,15107,30407,20850,18019,19595
6,1.2,15048,30244,20654,17952,19590
6,1.2,14959,30429,20916,18094,19702
6,1.2,14852,30546,20542,17762,19752
6,1.2,15104,30330,20468,17976,19501
6,1.2,15002,30160,20549,18235,19541
6,1.2,15066,30363,20732,18043,19820
6,1.2,14902,30471,20708,17882,19535
6,1.2,14989,30600,20446,17754,19482
6,1.2,14926,30408,20417,18103,19707
7,1.4,10414,21431,14964,13477,15277
7,1.4,10577,21331,14862,13479,15427
7,1.4,10331,21203,14995,13679,15312
7,1.4,10385,21304,15080,13484,15389
7,1.4,10304,21345,15243,13525,15306
7,1.4,10339,21328,14921,13492,15362
7,1.4,10280,21244,14884,13606,15388
7,1.4,10242,20973,14938,13754,15107
7,1.4,10377,21428,15051,13393,15474
7,1.4,10546,21348,14977,13532,15260
7,1.4,10159,21294,15074,13339,14923
7,1.4,10404,21303,15137,13653,15309
7,1.4,10232,21126,15059,13388,15194
7,1.4,10470,21142,14881,13590,15048
7,1.4,10379,21495,15056,13431,15159
7,1.4,10450,21295,14934,13531,15292
7,1.4,10338,21354,15040,13695,15263
7,1.4,10372,21208,14881,13570,15439
7,1.4,10389,21502,15075,13544,15217
7,1.4,10334,21357,15099,13451,15093
8,1.6,7303,15009,11194,10165,11846
8,1.6,7167,15121,11004,10094,11936
8,1.6,7243,15049,11048,10176,11775
8,1.6,7307,15026,11169,10215,11979
8,1.6,7239,15093,11019,10212,11953
8,1.6,7207,14975,11129,9929,12030
8,1.6,7265,14995,11005,10220,11813
8,1.6,7318,15061,10907,10218,12016
8,1.6,7078,15122,11039,10272,12074
8,1.6,7326,14977,11004,10368,11928
8,1.6,7144,15043,11074,10110,11790
8,1.6,7288,14897,10958,10306,12053
8,1.6,7295,14817,11029,10231,11981
8,1.6,7065,14848,11106,10032,11884
8,1.6,7233,15027,10966,10113,11812
8,1.6,7155,14918,11184,10266,11861
8,1.6,7253,14930,11139,10262,11877
8,1.6,7069,15079,11031,10247,11674
8,1.6,7381,15103,11005,10075,11955
8,1.6,7101,14775,11058,10375,11897
9,1.8,5106,10682,8199,7814,9356
9,1.8,5010,10658,8289,7721,9123
9,1.8,5096,10497,8085,7662,9359
9,1.8,5046,10600,7962,7661,9167
9,1.8,5137,10786,8145,7627,9224
9,1.8,5086,10667,8185,7846,9155
9,1.8,5226,10619,8043,7696,9276
9,1.8,5079,10851,8116,7752,9228
9,1.8,4957,10505,7963,7662,9321
9,1.8,5159,10640,8091,7773,9305
9,1.8,5164,10531,8196,7648,9316
9,1.8,5161,10779,8257,7528,9179
9,1.8,4994,10612,8031,7809,9252
9,1.8,5025,10544,8114,7728,9142
9,1.8,5076,10588,8121,7816,9157
9,1.8,5024,10466,8268,7590,9233
9,1.8,5030,10524,8000,7686,9196
9,1.8,5150,10666,8194,7787,9400
9,1.8,5130,10620,8014,7633,9492
9,1.8,5052,10578,8228,7675,9160
10,2,3713,7572,5922,5796,7161
10,2,3716,7703,5840,5925,7096
10,2,3606,7781,5964,5678,7375
10,2,3629,7648,5860,5636,7101
10,2,3495,7716,5864,5770,7150
10,2,3570,7627,5873,5766,7317
10,2,3534,7642,5913,5846,7224
10,2,3570,7548,5824,5741,7200
10,2,3651,7581,5987,5691,7289
10,2,3526,7565,5967,5741,7204
10,2,3582,7407,6022,5830,7043
10,2,3614,7518,5914,5877,7023
10,2,3558,7521,5898,5932,7195
10,2,3627,7788,6028,5750,6907
10,2,3592,7477,5795,5881,7116
10,2,3572,7695,5989,5645,7280
10,2,3653,7722,5963,5748,7167
10,2,3536,7516,5952,5861,7118
10,2,3668,7605,6012,5880,7194
10,2,3512,7430,5871,5947,7276
0,0,242672,293501,136411,98816,88837
0,0,243752,292792,135897,98928,88314
0,0,242640,293936,135794,98411,88586
0,0,241938,294231,135729,98927,88734
0,0,242509,293903,136153,98973,88671
0,0,243247,294835,135578,98692,89066
0,0,242173,293016,135402,98932,89047
0,0,242115,294024,135580,98569,89262
0,0,243049,293009,135686,98689,88836
0,0,242925,293742,135695,98506,89041
0,0,242543,294255,135999,98992,89427
0,0,242242,294055,136576,99215,89166
0,0,241437,294060,134994,98903,89135
0,0,243015,294338,135128,98410,88859
0,0,242725,293329,135570,99002,89612
0,0,242623,294192,135870,98202,89146
0,0,242238,294470,136076,99302,88544
0,0,242179,293476,135613,98514,88613
0,0,243363,293725,135839,98622,89239
0,0,242654,294375,135678,97998,88799
1,0.2,132611,196166,98525,74082,68943
1,0.2,132194,197144,98904,74289,69037
1,0.2,132233,198008,98980,74486,69257
1,0.2,132281,197419,98944,74492,69543
1,0.2,132634,197570,99500,74158,69181
1,0.2,132570,197306,98738,74285,68692
1,0.2,132495,196797,98619,74549,69091
1,0.2,132674,197015,99298,73606,69144
1,0.2,132179,197391,98779,74619,69133
1,0.2,131857,197428,98111,74061,69587
1,0.2,132946,197312,98921,74446,69138
1,0.2,132895,197582,99260,74065,68890
1,0.2,132784,197749,98858,74094,68997
1,0.2,132508,197339,98979,74148,69405
1,0.2,132572,197599,99117,74313,69394
1,0.2,131939,196781,99033,74386,69321
1,0.2,132314,197744,98840,73940,69327
1,0.2,133011,197888,99236,74164,68893
1,0.2,132893,197801,99285,74529,68514
1,0.2,131802,197668,99097,74159,69132
2,0.4,79298,133781,71703,55803,54180
2,0.4,79159,134064,71860,55982,54042
2,0.4,79534,133939,71905,55969,53917
2,0.4,79419,133309,72188,55781,53892
2,0.4,79121,133537,72190,55466,53580
2,0.4,79509,133703,72474,55776,53803
2,0.4,79854,133122,72359,55776,53923
2,0.4,79214,134382,72170,55513,53543
2,0.4,79277,133305,72304,56223,53829
2,0.4,79579,134059,71703,55737,53814
2,0.4,79659,133895,72119,55349,54067
2,0.4,79237,134328,71530,56028,53633
2,0.4,79068,133607,72442,55685,53522
2,0.4,79206,133467,72112,55581,53926
2,0.4,79412,133492,72321,55317,53702
2,0.4,79375,133921,72418,55820,53789
2,0.4,79544,133964,72262,55712,53625
2,0.4,79357,134348,72398,55760,53543
2,0.4,79415,134039,72354,55749,53872
2,0.4,79159,134378,72021,56140,53485
3,0.6,50469,91957,52583,41812,41574
3,0.6,50256,91114,52470,41750,41697
3,0.6,50436,91453,52443,41852,41685
3,0.6,50518,91191,52768,42140,41924
3,0.6,50501,91438,52855,42189,42174
3,0.6,50638,91186,52472,42043,41359
3,0.6,50480,91635,52570,41796,41463
3,0.6,50626,90960,52787,41973,42192
3,0.6,50170,91325,52658,41916,41860
3,0.6,50515,91474,52411,41949,41566
3,0.6,50208,90978,52906,41617,41538
3,0.6,50187,92271,52798,42138,41753
3,0.6,50084,91200,52638,42494,41707
3,0.6,50285,91171,52131,42099,41833
3,0.6,50006,91269,52959,42058,41649
3,0.6,50157,91542,52538,42052,41888
3,0.6,49987,90555,52841,41786,41654
3,0.6,50386,90927,52526,42155,41963
3,0.6,50295,91118,52435,41928,41664
3,0.6,50490,91317,52464,42094,41623
4,0.8,32807,62660,38631,31812,32498
4,0.8,32870,62647,38690,31511,32276
4,0.8,33119,62826,38070,31875,32376
4,0.8,32713,62696,38459,31705,32641
4,0.8,32725,63213,38322,31376,32462
4,0.8,33009,62258,38233,31722,32449
4,0.8,32865,62678,38522,31808,32571
4,0.8,33250,62753,38401,31961,32311
4,0.8,32897,62801,38287,31408,32751
4,0.8,32808,62669,38360,31664,32628
4,0.8,32722,62964,38461,31471,32677
4,0.8,32634,62482,38537,31824,32343
4,0.8,32879,62838,38327,31795,32632
4,0.8,33273,62837,38309,31411,32355
4,0.8,33124,62734,38450,31633,32454
4,0.8,32975,62530,38420,31546,32507
4,0.8,32883,62372,38649,31211,32488
4,0.8,32540,62649,38542,31618,32453
4,0.8,33002,62918,38320,31681,32617
4,0.8,32973,62930,38431,31459,32633
5,1,22298,43922,28184,23983,25190
5,1,22062,43147,28464,23622,25062
5,1,21841,43414,28018,23677,24942
5,1,22164,43452,27973,23847,25328
5,1,22186,43735,27883,23861,25173
5,1,22105,43748,27927,23726,25132
5,1,22217,43460,28448,23742,25169
5,1,22101,43539,28181,24032,25125
5,1,21726,43669,27850,23569,24762
5,1,22259,43786,28119,23845,25155
5,1,22209,43315,27621,23601,25461
5,1,22009,43402,28327,23896,25171
5,1,22054,43638,27987,23812,25349
5,1,21965,43524,27996,23803,25086
5,1,22090,43247,28172,23666,25278
5,1,22091,43484,27852,23500,25322
5,1,22142,43409,27982,23865,25190
5,1,22073,43658,28425,23810,25370
5,1,21959,43815,27904,23717,25297
5,1,22058,43580,27862,23653,25419
6,1.2,14895,30278,20466,17770,19592
6,1.2,14886,30285,20445,18152,19663
6,1.2,15202,30462,20391,17975,19450
6,1.2,14932,30562,20353,17602,19617
6,1.2,15254,30135,20589,17854,19715
6,1.2,15259,30459,20547,17656,19775
6,1.2,15238,30120,20670,18042,19884
6,1.2,15091,30284,20399,17990,19776
6,1.2,14826,30426,20691,18032,19480
6,1.2,15042,30462,20453,17730,19441
6,1.2,15078,30101,20506,17792,19704
6,1.2,14998,30169,20649,17787,19607
6,1.2,15070,30330,20718,17743,19398
6,1.2,15029,30440,20428,17889,19803
6,1.2,15114,30117,20810,17951,19549
6,1.2,15010,30265,20395,17797,19764
6,1.2,15237,30463,20634,18126,19555
6,1.2,15209,30381,20717,17862,19599
6,1.2,15134,30394,20601,17878,19711
6,1.2,15088,30097,20316,17848,19632
7,1.4,10158,21076,14924,13581,15153
7,1.4,10290,21407,15184,13388,15427
7,1.4,10455,21141,15210,13389,15371
7,1.4,10325,21175,15115,13479,15160
7,1.4,10363,21333,15081,13400,15057
7,1.4,10241,21242,15215,13579,15303
7,1.4,10349,21228,15065,13344,15013
7,1.4,10476,21281,15027,13345,15337
7,1.4,10467,21123,14963,13454,15245
7,1.4,10408,21453,15127,13447,15262
7,1.4,10247,21260,15112,13593,15197
7,1.4,10371,21197,15024,13283,15124
7,1.4,10541,21300,15053,13537,15429
7,1.4,10351,21322,15061,13424,15215
7,1.4,10377,21324,14934,13476,15320
7,1.4,10476,21508,14850,13647,15345
7,1.4,10296,21170,15180,13623,15354
7,1.4,10290,21315,15045,13779,15140
7,1.4,10275,21364,15129,13345,15304
7,1.4,10423,21303,15002,13436,15417
8,1.6,7229,15077,11025,10337,11801
8,1.6,7106,15090,11171,10164,11840
8,1.6,7355,14985,11156,10317,11962
8,1.6,7244,15056,10994,10190,11906
8,1.6,7184,14881,11012,9973,11852
8,1.6,7245,15122,10973,10241,12008
8,1.6,7150,14955,11155,10242,11925
8,1.6,7442,15054,11417,10285,11807
8,1.6,7230,15124,10982,10379,11905
8,1.6,7228,15006,11015,10107,12016
8,1.6,7217,15030,11169,10244,11867
8,1.6,7151,14908,10684,9980,11799
8,1.6,7164,15053,11180,9916,11950
8,1.6,7195,14792,11146,10297,11852
8,1.6,7325,14988,10813,9920,11984
8,1.6,7194,15049,11009,10296,11957
8,1.6,7192,15119,11080,10211,11949
8,1.6,7164,14923,10918,10030,11832
8,1.6,7355,15001,11178,10261,11912
8,1.6,7235,15062,11089,10152,11907
9,1.8,5052,10589,8326,7736,9211
9,1.8,5053,10566,8100,7837,9277
9,1.8,4948,10588,8162,7803,9260
9,1.8,4952,10620,8242,7650,9126
9,1.8,4977,10665,8164,7617,9297
9,1.8,5180,10560,8137,7625,9147
9,1.8,5108,10666,8132,7766,9289
9,1.8,5083,10615,8053,7720,9194
9,1.8,4971,10564,8199,7725,9172
9,1.8,5054,10584,8145,7625,9254
9,1.8,5087,10636,8032,7616,9354
9,1.8,4998,10709,8146,7717,9274
9,1.8,5083,10548,8142,7831,9334
9,1.8,5125,10540,8216,7721,9350
9,1.8,5030,10589,8020,7648,9047
9,1.8,5031,10669,8100,7797,9109
9,1.8,5059,10645,8178,7528,9199
9,1.8,5169,10594,8076,7607,9211
9,1.8,5087,10658,8023,7713,9327
9,1.8,5070,10784,8132,7681,9229
10,2,3580,7742,6077,5716,7072
10,2,3503,7684,5933,5871,7165
10,2,3509,7707,5827,5878,7246
10,2,3523,7630,6037,5762,7306
10,2,3513,7548,5953,5889,7066
10,2,3586,7543,6051,5827,7189
10,2,3623,7599,5899,5874,7175
10,2,3679,7630,5793,5917,7153
10,2,3549,7625,5905,5747,7306
10,2,3585,7642,6126,5817,7201
10,2,3568,7687,5882,5809,7106
10,2,3447,7540,6106,5783,7109
10,2,3556,7766,6016,5848,7292
10,2,3664,7568,5960,5913,7194
10,2,3606,7484,5857,5876,7162
10,2,3529,7664,5933,5830,7132
10,2,3592,7605,5835,5839,7196
10,2,3599,7495,5972,5822,7244
10,2,3649,7541,5938,5825,7028
10,2,3608,7557,5919,5803,7126
0,0,242520,294030,135294,97999,88931
0,0,242612,293075,135637,99238,89092
0,0,241975,293343,134975,98899,89023
0,0,244060,293233,135713,98561,89165
0,0,242121,294314,135039,99605,88927
0,0,241765,293549,135898,98985,88404
0,0,242806,293589,135878,98402,89192
0,0,242347,295227,135157,98773,88822
0,0,242682,294060,135642,99229,88919
0,0,242292,294077,135641,99225,88990
0,0,242175,293770,136020,98589,89010
0,0,243188,293939,136009,98768,88500
0,0,242256,293516,135355,98802,89160
0,0,242178,293941,135718,98984,89024
0,0,242229,293911,136444,98746,88774
0,0,242819,293235,135567,99045,89201
0,0,242150,292939,135962,99435,89188
0,0,242640,293405,135389,98921,88887
0,0,242166,293582,135359,98854,88981
0,0,242743,292660,135641,98933,89115
1,0.2,132993,197013,98632,73792,69048
1,0.2,132577,196987,98772,74408,69415
1,0.2,132628,197134,98737,74181,69426
1,0.2,132112,196845,98678,74196,69292
1,0.2,132745,197654,98673,74418,69108
1,0.2,132560,197065,98746,74754,69037
1,0.2,132793,197013,98443,73735,69447
1,0.2,132646,197766,98971,74724,68675
1,0.2,132368,197309,98758,74169,69698
1,0.2,131655,197281,98538,74280,69406
1,0.2,133398,197567,98881,74386,69227
1,0.2,132103,197725,99128,74661,68754
1,0.2,132530,197284,98874,74245,68816
1,0.2,132539,197066,99190,74561,69207
1,0.2,132436,197805,98932,74044,68962
1,0.2,132974,197369,98466,73210,69175
1,0.2,132392,197180,98843,74244,68699
1,0.2,131890,197284,99109,74196,68866
1,0.2,131958,197572,99201,74518,69171
1,0.2,133055,197656,98296,74178,69226
2,0.4,79814,133942,72204,55658,53777
2,0.4,79155,133525,72503,55818,53733
2,0.4,79905,134015,72136,55852,53923
2,0.4,79514,133641,72260,55583,53705
2,0.4,79725,133521,72151,55710,53831
2,0.4,79137,133727,71816,55654,53970
2,0.4,79270,134214,72062,55577,53633
2,0.4,79384,133438,72095,55780,53500
2,0.4,79133,133524,71957,55685,53455
2,0.4,79133,133811,71650,55424,53855
2,0.4,79709,133955,72581,55775,53772
2,0.4,79328,133615,72008,55983,53983
2,0.4,79877,134375,71592,56011,53654
2,0.4,79605,133702,72224,55741,53808
2,0.4,79592,134188,72120,55903,53670
2,0.4,80279,134347,72076,55863,53843
2,0.4,79502,132841,72010,55854,53428
2,0.4,79454,133793,71553,55848,53811
2,0.4,79479,133129,71852,55545,53559
2,0.4,79408,134147,71787,55440,54195
3,0.6,50096,91737,52731,42165,41770
3,0.6,49976,91294,52643,41851,41775
3,0.6,50195,91039,52885,42161,41715
3,0.6,50635,91238,52183,41761,42108
3,0.6,50230,91520,52713,41880,41602
3,0.6,50209,91165,52772,42070,41528
3,0.6,50418,91347,52251,42415,41765
3,0.6,50505,91466,52318,42227,41891
3,0.6,50405,91297,53152,42112,42035
3,0.6,50298,91178,52630,42010,41725
3,0.6,49898,91460,53106,41761,41696
3,0.6,50038,91713,52648,41628,41701
3,0.6,50508,91304,52668,41880,41633
3,0.6,50324,91079,52600,41939,41789
3,0.6,50500,90583,52699,41748,41758
3,0.6,50564,91610,52424,42155,41609
3,0.6,50265,91362,52381,42007,42033
3,0.6,50330,91120,53175,42185,41764
3,0.6,50661,91248,52386,42128,41588
3,0.6,50625,90578,52759,42068,41680
4,0.8,32985,62716,38521,31762,32250
4,0.8,32923,63417,38282,31759,32269
4,0.8,32653,62862,38456,31677,32571
4,0.8,33000,62858,38664,31654,32298
4,0.8,32970,62546,38209,31464,32330
4,0.8,32654,62777,38636,31657,32394
4,0.8,32958,62394,38631,31854,32419
4,0.8,32820,63271,38228,31601,32484
4,0.8,33039,62614,38787,31632,32397
4,0.8,32746,62688,38496,31663,32534
4,0.8,32651,63154,38562,31832,32562
4,0.8,32686,62855,38119,31738,32671
4,0.8,33102,62870,38497,31533,32434
4,0.8,33000,62767,38123,31291,32338
4,0.8,32883,62795,38412,31413,32443
4,0.8,32884,62586,38285,31576,32807
4,0.8,32640,63087,38539,31471,32438
4,0.8,32982,62890,37951,31799,32411
4,0.8,32627,62896,38595,31537,32507
4,0.8,32727,62848,37984,31781,32497
5,1,22157,43427,28334,23883,25316
5,1,22274,43682,28211,23612,25031
5,1,22139,43428,28169,23885,25435
5,1,22236,43412,28014,23730,25505
5,1,22125,43551,28305,23686,25735
5,1,21902,43162,28355,23784,25165
5,1,22129,43627,28035,23658,25252
5,1,22156,43616,28011,23809,25260
5,1,21864,43146,28068,23982,25202
5,1,21868,43606,28068,23881,25302
5,1,21821,43716,28134,23822,24910
5,1,21760,43648,27861,23790,25366
5,1,22006,43193,28075,24023,25416
5,1,22055,43638,28281,23797,24986
5,1,22037,43903,27999,23879,25161
5,1,21895,43674,28008,23600,25489
5,1,21991,43357,28162,24058,25383
5,1,22030,43205,27895,23751,25207
5,1,21882,43119,28099,23851,25363
5,1,21869,43586,27934,24104,25266
6,1.2,14823,30302,20693,17855,19681
6,1.2,14962,30176,20681,17850,19867
6,1.2,14899,30637,20562,18044,19625
6,1.2,14977,30528,20633,17849,19464
6,1.2,14888,30382,20379,18050,19434
6,1.2,14889,30533,20187,18032,19575
6,1.2,15205,30338,20772,17888,19709
6,1.2,14960,30123,20385,18091,19970
6,1.2,15178,30416,20588,17951,19582
6,1.2,15060,30606,20413,18124,19652
6,1.2,14975,30517,20400,17907,19544
6,1.2,14693,30465,20381,18052,19650
6,1.2,14828,30430,20600,18160,19465
6,1.2,14812,30515,20485,17886,19594
6,1.2,15086,30174,20440,18014,19465
6,1.2,15086,30137,20704,17761,19662
6,1.2,15079,30255,20351,17800,19479
6,1.2,14950,30039,20723,17908,19861
6,1.2,14846,30392,20639,17979,19794
6,1.2,15416,30063,20613,17941,19618
7,1.4,10496,21484,14962,13395,15239
7,1.4,10374,21410,14970,13693,15438
7,1.4,10317,21099,15115,13516,15315
7,1.4,10233,21379,15128,13408,15305
7,1.4,10280,21297,15159,13603,15069
7,1.4,10411,21304,14954,13549,15375
7,1.4,10462,21267,15308,13467,15345
7,1.4,10455,21064,15001,13650,15250
7,1.4,10531,21442,15192,13542,15255
7,1.4,10479,21397,14972,13479,15303
7,1.4,10363,21496,15010,13707,15275
7,1.4,10564,21212,15125,13513,15337
7,1.4,10349,21206,15061,13431,15452
7,1.4,10281,21068,14855,13429,15096
7,1.4,10359,21199,14953,13425,15225
7,1.4,10474,21403,15146,13459,15443
7,1.4,10298,21166,15191,13393,15184
7,1.4,10430,21422,15138,13386,15099
7,1.4,10430,21398,14960,13592,15195
7,1.4,10427,21365,14868,13309,15274
8,1.6,7142,15030,11215,10181,11635
8,1.6,7271,14969,11060,10240,11721
8,1.6,7038,14837,11134,10176,11904
8,1.6,7216,15211,11063,10100,11973
8,1.6,7284,15021,11028,10361,11951
8,1.6,7257,14935,11047,10055,11915
8,1.6,7348,14911,11000,10141,11750
8,1.6,7226,15168,11052,10143,11986
8,1.6,7164,15149,10948,10131,11984
8,1.6,7276,15147,11104,10309,11837
8,1.6,7395,14914,11057,10277,11991
8,1.6,7171,14968,11082,10156,11735
8,1.6,7198,14835,11049,10150,11749
8,1.6,7164,15009,11279,10309,11876
8,1.6,7208,15048,11043,10339,11860
8,1.6,7285,15276,10993,10058,11975
8,1.6,7309,15043,11108,10041,11744
8,1.6,7280,14963,10997,10294,11943
8,1.6,7200,15275,10962,10237,11717
8,1.6,7189,14998,11024,10126,11989
9,1.8,5096,10733,8042,7846,9138
9,1.8,5118,10700,8281,7766,9053
9,1.8,5075,10686,8219,7530,9210
9,1.8,5073,10728,8130,7739,9385
9,1.8,5089,10729,8099,7747,9222
9,1.8,5053,10669,8186,7661,9262
9,1.8,5144,10728,8146,7593,9204
9,1.8,5093,10751,8139,7588,9280
9,1.8,5119,10681,8137,7595,9311
9,1.8,5088,10781,7957,7781,9214
9,1.8,4973,10676,8169,7683,9324
9,1.8,5055,10765,8092,7691,9214
9,1.8,5166,10745,8063,7605,9264
9,1.8,5035,10593,8126,7863,9091
9,1.8,5138,10750,8033,7664,9233
9,1.8,4997,10614,8260,7742,9206
9,1.8,4939,10591,8206,7612,9265
9,1.8,5191,10716,8104,7605,9295
9,1.8,5096,10643,7936,7684,9375
9,1.8,5136,10784,8261,7683,9122
10,2,3446,7688,6004,5709,7103
10,2,3637,7514,5999,5830,7194
10,2,3486,7463,5978,5813,7276
10,2,3647,7599,6016,5708,7125
10,2,3655,7559,5929,5683,7167
10,2,3563,7761,6083,5753,7112
10,2,3582,7594,5923,5771,7204
10,2,3606,7710,6020,5908,7135
10,2,3554,7439,5941,5713,7172
10,2,3561,7503,5940,5758,7332
10,2,3541,7609,5888,5660,7275
10,2,3513,7696,5959,5762,7242
10,2,3604,7518,5942,5835,7051
10,2,3455,7551,5844,5724,7185
10,2,3546,7515,6026,5766,7239
10,2,3611,7570,5933,5823,7286
10,2,3505,7566,6106,5843,7121
10,2,3611,7502,5982,5688,7172
10,2,3518,7468,5948,5882,7230
10,2,3523,7365,6027,5744,7342
0,0,242888,293738,135509,98561,89045
0,0,242831,293848,135939,98929,88777
0,0,242116,293228,135637,98730,88846
0,0,241807,293529,135763,99119,88857
0,0,242244,293394,135767,98652,89058
0,0,242033,294348,136451,98975,88871
0,0,242554,293922,136108,99023,88815
0,0,242594,293112,135599,98460,89456
0,0,243025,294438,135761,98749,88764
0,0,242159,293459,135655,98702,89046
0,0,242528,293909,136073,98757,89204
0,0,241435,293670,135604,98285,88871
0,0,242162,294581,136535,98975,88970
0,0,241851,294193,135493,99309,88623
0,0,242750,294072,135099,98495,88383
0,0,242871,293729,135362,98973,88891
0,0,242376,294139,136028,98806,88752
0,0,242592,294474,135636,98720,88740
0,0,242771,293402,135792,98645,88930
0,0,242609,294122,135871,98689,88944
1,0.2,132599,197408,98514,74348,69161
1,0.2,132521,197732,98839,74473,69009
1,0.2,132526,197334,99055,73893,69700
1,0.2,133082,197532,98775,74081,69361
1,0.2,132166,196451,98794,74449,69498
1,0.2,133078,197188,99124,74502,69039
1,0.2,132593,197372,98609,74045,69193
1,0.2,132708,197497,98938,74244,68986
1,0.2,132551,197430,99376,73779,69256
1,0.2,132598,198601,99323,74330,68570
1,0.2,132788,196853,98801,73891,68861
1,0.2,132466,197585,98724,74357,69473
1,0.2,132587,197882,99028,73888,68405
1,0.2,132203,196459,98543,74392,68406
1,0.2,132465,196796,98841,74067,69258
1,0.2,133174,196855,98490,74375,69275
1,0.2,133202,197197,99025,73382,68987
1,0.2,132713,196806,98479,74023,68776
1,0.2,132173,197845,98741,74078,69234
1,0.2,132200,198491,98650,73791,68749
2,0.4,79561,134221,71960,55625,54239
2,0.4,79426,133373,72240,55436,53879
2,0.4,79332,133295,72078,55983,53144
2,0.4,79830,133372,72155,55761,54010
2,0.4,80177,133542,72725,55365,53803
2,0.4,79605,133119,71959,55726,53818
2,0.4,79580,133918,71982,56188,53873
2,0.4,79051,133122,72057,55864,54034
2,0.4,79690,133510,72165,55893,53744
2,0.4,79300,133987,72002,55993,53996
2,0.4,79356,133934,72175,55728,53597
2,0.4,79794,133560,71413,55469,53675
2,0.4,78966,133352,71980,55641,53530
2,0.4,79247,133705,71958,55812,53550
2,0.4,79584,133448,72237,56370,53453
2,0.4,79062,133500,72155,55894,53542
2,0.4,79631,134027,72591,56231,53717
2,0.4,80087,133754,72634,55621,53390
2,0.4,79141,134026,72508,55946,53393
2,0.4,80271,134547,71933,55993,53960
3,0.6,50567,91207,52881,42388,42035
3,0.6,50123,91221,52546,42518,42256
3,0.6,50097,91491,52385,41965,41129
3,0.6,50535,91146,52972,41986,41566
3,0.6,50451,91207,52801,41836,41820
3,0.6,50205,91290,52710,42307,41393
3,0.6,50517,91746,52945,42002,41812
3,0.6,50191,91637,52810,42025,41120
3,0.6,50191,91533,52721,42172,41783
3,0.6,50677,91415,52453,42051,41464
3,0.6,50296,91441,52318,41799,41806
3,0.6,50276,90455,52596,42108,41751
3,0.6,50240,91080,52649,41949,41698
3,0.6,50127,91369,52523,41745,41835
3,0.6,50490,91171,52369,41982,42015
3,0.6,50116,91127,52246,41957,41625
3,0.6,49932,91080,52577,42176,41629
3,0.6,50533,91356,52482,42152,41506
3,0.6,50483,91316,52618,42345,41772
3,0.6,50116,91208,52342,42078,41634
4,0.8,32708,62993,38764,31841,32209
4,0.8,32868,62514,38294,31555,32469
4,0.8,32921,62729,38367,31694,32670
4,0.8,32985,62972,38444,31704,32396
4,0.8,33097,63047,38296,31899,32387
4,0.8,32915,63063,38790,31402,32295
4,0.8,33058,62646,38520,31219,32655
4,0.8,32776,62581,38558,31895,32062
4,0.8,32974,62836,38281,31755,32366
4,0.8,32810,62895,38419,31475,32216
4,0.8,32931,62819,38419,31894,32496
4,0.8,32913,62251,38062,31533,32288
4,0.8,32864,62935,38515,31624,32448
4,0.8,32805,62656,38341,31812,32204
4,0.8,32982,62818,38617,31429,32334
4,0.8,33047,62505,38096,31639,32608
4,0.8,32936,62701,38201,31503,32365
4,0.8,33068,63015,38534,31729,32189
4,0.8,33029,62910,38374,31535,32296
4,0.8,33039,62978,38491,31757,32553
5,1,22044,43439,28145,23681,25400
5,1,22098,43510,28097,23683,25112
5,1,22145,43569,28200,23813,25194
5,1,22130,43590,28343,24085,25176
5,1,21962,43720,27910,23770,25450
5,1,22172,43434,27946,23940,25091
5,1,21907,43487,28267,23672,24940
5,1,21939,43354,28111,24126,25256
5,1,22185,43104,28168,23724,25360
5,1,21957,43157,28054,23947,25152
5,1,22118,43483,28262,23894,25459
5,1,22206,43638,27954,23458,25360
5,1,21952,43398,28261,23959,25285
5,1,22222,43724,28145,23736,25432
5,1,21843,43675,28100,23937,25348
5,1,22154,43044,28157,23915,25292
5,1,21789,43570,27987,23834,25172
5,1,22158,43549,28243,23665,25433
5,1,22031,43467,28254,23872,25447
5,1,22226,43541,28127,23780,25003
6,1.2,15117,30370,20626,17583,19642
6,1.2,15073,30229,20525,18186,19794
6,1.2,15198,30123,20534,17899,19589
6,1.2,14981,30431,20589,17859,19495
6,1.2,15259,30499,20417,18093,19708
6,1.2,15025,30192,20452,17775,19792
6,1.2,15142,30427,20635,17948,19805
6,1.2,15003,30585,20600,18005,19770
6,1.2,15000,30374,20326,18360,19597
6,1.2,15020,30211,20692,17884,19581
6,1.2,14980,30252,20496,17664,19841
6,1.2,15030,30434,20440,18146,19465
6,1.2,14851,30205,20580,17943,19512
6,1.2,14948,30313,20674,17988,19602
6,1.2,15113,30532,20769,18131,19780
6,1.2,15069,29854,20509,17982,19604
6,1.2,15120,30169,20442,17947,19736
6,1.2,14967,30761,20391,18028,19691
6,1.2,15013,29924,20284,17830,19485
6,1.2,15031,30394,20562,18011,19702
7,1.4,10307,21081,14913,13491,15244
7,1.4,10412,21094,15027,13638,15080
7,1.4,10368,21225,14964,13527,15287
7,1.4,10238,21311,15162,13435,15275
7,1.4,10295,21467,15138,13555,15136
7,1.4,10376,21464,15132,13360,15350
7,1.4,10419,20996,15088,13495,15423
7,1.4,10415,21418,15037,13365,15137
7,1.4,10562,21050,15091,13637,15293
7,1.4,10173,21251,14984,13403,15192
7,1.4,10469,21361,15132,13565,15372
7,1.4,10475,21382,14923,13291,15257
7,1.4,10243,21206,15202,13311,15176
7,1.4,10399,21251,15189,13336,15189
7,1.4,10250,21228,15010,13489,15217
7,1.4,10621,21373,15244,13421,15069
7,1.4,10319,21181,15031,13504,15338
7,1.4,10284,21033,15196,13610,15246
7,1.4,10359,20952,15120,13470,15154
7,1.4,10474,21329,15212,13624,15275
8,1.6,7236,15133,10902,10295,11980
8,1.6,7234,14749,11151,10136,12154
8,1.6,7123,15067,11047,10140,11878
8,1.6,7211,14945,11238,10190,11774
8,1.6,7358,15042,11020,10209,11911
8,1.6,7244,15062,10990,10390,11892
8,1.6,7096,15047,10866,10399,12029
8,1.6,7329,14974,11129,10226,11792
8,1.6,7458,14925,10946,10316,11968
8,1.6,7176,14845,11092,10183,11678
8,1.6,7257,14832,10979,10068,12079
8,1.6,7179,14985,11037,10098,11942
8,1.6,7329,14989,10949,10132,12088
8,1.6,7168,15035,11027,10060,12083
8,1.6,7217,15144,11126,10273,11990
8,1.6,7120,15058,10971,10101,11958
8,1.6,7228,14729,10933,9917,11793
8,1.6,7319,15122,11177,10346,11963
8,1.6,7265,14966,10876,10200,11782
8,1.6,7208,14913,11205,10259,12005
9,1.8,5062,10743,8166,7726,9078
9,1.8,5229,10677,8083,7680,9091
9,1.8,5161,10685,8143,7693,9258
9,1.8,5047,10578,8085,7705,9339
9,1.8,5098,10899,8274,7729,9405
9,1.8,5054,10644,8109,7918,9247
9,1.8,5109,10686,8035,7750,9032
9,1.8,5111,10764,8038,7654,9172
9,1.8,5060,10537,8112,7818,9251
9,1.8,5108,10799,8019,7632,9193
9,1.8,5154,10526,8313,7693,9213
9,1.8,5115,10851,8047,7762,9393
9,1.8,5037,10585,8182,7618,9305
9,1.8,5080,10659,8244,7764,9292
9,1.8,5131,10633,8085,7797,9275
9,1.8,5133,10619,8021,7883,9342
9,1.8,4961,10736,8148,7734,9169
9,1.8,5135,10632,7992,7773,9149
9,1.8,4975,10589,8094,7693,9236
9,1.8,5005,10636,8036,7664,9175
10,2,3603,7675,6003,5779,7354
10,2,3690,7503,6087,5714,7243
10,2,3552,7630,5894,5788,7069
10,2,3576,7559,5953,5713,7124
10,2,3667,7527,5979,5903,7156
10,2,3544,7669,5957,5853,7207
10,2,3564,7558,5979,5839,7175
10,2,3598,7587,5995,5754,7158
10,2,3557,7686,5896,5819,7150
10,2,3534,7678,6011,5753,7072
10,2,3535,7525,6011,5805,7131
10,2,3614,7639,6084,5724,7121
10,2,3595,7654,6008,5693,7120
10,2,3516,7765,5996,5790,7178
10,2,3566,7648,6134,5757,7377
10,2,3687,7572,5955,5862,7175
10,2,3621,7616,6007,5777,7123
10,2,3495,7535,6040,5804,7209
10,2,3485,7647,6037,5795,7170
10,2,3620,7679,6001,5868,7204
0,0,242785,293442,135848,98368,88951
0,0,243028,294013,135034,98812,88740
0,0,241871,293698,135641,98883,89021
0,0,242390,294476,135415,98868,88654
0,0,242615,294113,135935,98537,88970
0,0,242518,294105,135192,98865,88946
0,0,241993,293734,135446,98674,88698
0,0,242483,293433,135547,98229,88768
0,0,241399,293548,135923,99170,89182
0,0,242813,294150,135382,98562,88948
0,0,241931,293378,135063,98661,88510
0,0,242123,293333,135205,98899,88581
0,0,243144,293710,135370,98388,89039
0,0,243065,293476,136038,98523,89091
0,0,242261,294119,135603,98210,88744
0,0,242625,294273,135826,99065,89483
0,0,243923,294210,135397,98432,88292
0,0,242520,295017,135723,98663,89269
0,0,243076,294939,136032,98704,89511
0,0,242885,293557,135605,99154,88403
1,0.2,132721,197855,98618,74685,68962
1,0.2,131649,197525,99168,74327,68542
1,0.2,132410,197152,99047,74304,68993
1,0.2,132695,198180,98970,74340,69356
1,0.2,132361,197412,98939,74232,69147
1,0.2,132121,196520,98791,73920,69056
1,0.2,133453,197325,98728,74250,69076
1,0.2,132644,198073,98698,74475,69106
1,0.2,132515,197968,98441,74747,69113
1,0.2,132031,196824,99048,74091,69685
1,0.2,132519,197532,98878,73656,69123
1,0.2,132317,196635,99218,74131,69285
1,0.2,132183,197762,98481,73710,68651
1,0.2,132308,197275,99515,74156,68899
1,0.2,132308,196291,98554,73798,68883
1,0.2,132017,196993,98809,74042,69276
1,0.2,132323,197449,98860,74263,68908
1,0.2,132473,197400,98477,74490,68777
1,0.2,132874,198056,98564,74734,68714
1,0.2,132371,197428,99548,74216,68761
2,0.4,79253,133452,71880,55928,53685
2,0.4,79559,134161,71931,56037,53615
2,0.4,79703,133491,72387,55907,53994
2,0.4,79473,133082,72184,56148,53606
2,0.4,79512,133620,72236,55696,53680
2,0.4,79362,133937,72225,55739,53424
2,0.4,79477,133410,72161,55542,53651
2,0.4,79554,133389,72230,55995,53636
2,0.4,78888,133494,72086,56409,53783
2,0.4,79686,133920,72270,55961,54055
2,0.4,79465,133788,71947,55671,53387
2,0.4,79581,133358,72093,55733,53843
2,0.4,79444,133796,72054,55784,53691
2,0.4,79216,133556,72041,55509,54081
2,0.4,79835,134023,72155,55483,53458
2,0.4,79337,133452,72096,55597,53810
2,0.4,79459,133944,72369,55842,53452
2,0.4,79537,133559,72438,55892,53783
2,0.4,79325,133838,72389,55909,53295
2,0.4,79815,133486,71846,55572,53713
3,0.6,50235,91212,52582,41707,41812
3,0.6,50012,91920,52525,42286,41502
3,0.6,50394,91695,53011,42089,41861
3,0.6,50235,91034,52712,41999,41573
3,0.6,50405,91249,52242,41913,41381
3,0.6,50706,91049,52828,42232,41683
3,0.6,50436,91564,52862,42215,41385
3,0.6,50293,90936,53063,41839,41709
3,0.6,50384,91372,52872,41747,41960
3,0.6,50162,91437,52843,41911,41355
3,0.6,50281,90819,52654,42062,41963
3,0.6,50148,91249,52286,41934,41739
3,0.6,50492,91103,52591,41872,42017
3,0.6,50568,91096,52364,42028,42250
3,0.6,50162,91516,52684,41882,41801
3,0.6,50081,91320,52848,41859,41822
3,0.6,50180,91243,52369,42010,41703
3,0.6,50717,90373,52129,41992,41351
3,0.6,50228,91423,52607,42086,41912
3,0.6,50336,91348,53046,41790,41505
4,0.8,32986,62704,38207,31637,32344
4,0.8,32920,63205,38350,31817,32510
4,0.8,32920,63284,38237,31596,32674
4,0.8,32934,62447,38783,31360,32517
4,0.8,32919,62553,38586,31748,32679
4,0.8,32816,62744,38515,31468,32479
4,0.8,33403,62786,37988,31869,32382
4,0.8,32707,62833,38486,31830,32274
4,0.8,32902,62889,38712,31744,32672
4,0.8,33119,62983,38819,31187,32277
4,0.8,33077,62433,38299,31477,32876
4,0.8,32820,62840,38292,31607,32477
4,0.8,33013,62554,38810,31478,32940
4,0.8,32689,63099,38305,31785,31960
4,0.8,32993,62867,38626,31533,32646
4,0.8,32651,62771,38275,31316,32436
4,0.8,32901,62925,38620,31334,32427
4,0.8,33748,62443,38675,31520,32521
4,0.8,33026,62615,38183,31686,32319
4,0.8,33113,62575,38523,31753,32500
5,1,22141,43775,28098,23821,25175
5,1,21935,43800,28448,23479,25542
5,1,22051,43373,28084,24125,25453
5,1,21883,43598,28123,23746,25334
5,1,22290,43764,28003,23673,25323
5,1,21914,43327,28054,24017,25236
5,1,22020,43212,27908,23820,25353
5,1,22164,43278,27975,23816,25031
5,1,21963,43246,28180,23536,25312
5,1,22119,44067,27911,23580,25493
5,1,21975,43307,27989,23785,25050
5,1,21860,43423,28354,23688,25211
5,1,21822,43637,28185,23720,25492
5,1,22047,43303,28158,23540,25247
5,1,22106,43624,27951,23842,25082
5,1,22123,43328,27918,23830,25348
5,1,21994,43811,28055,23829,25329
5,1,22157,43682,28047,23830,25143
5,1,21782,43184,27875,23922,25544
5,1,21898,43667,28193,23708,25377
6,1.2,14946,30305,20658,17989,19752
6,1.2,15224,30465,20196,17815,19430
6,1.2,14936,30440,20477,17993,19613
6,1.2,14841,29913,20348,17857,19606
6,1.2,15101,30532,20369,17808,19559
6,1.2,14977,30275,20589,18183,19714
6,1.2,15297,30193,20592,17891,19783
6,1.2,14879,30338,20446,17908,19633
6,1.2,14934,30299,20748,18088,19616
6,1.2,14959,30499,20429,18031,19591
6,1.2,14959,30261,20545,18017,19658
6,1.2,14912,30051,20596,17880,19635
6,1.2,15145,30427,20675,18174,19374
6,1.2,15002,29895,20359,18194,19558
6,1.2,15111,30166,20545,18142,19916
6,1.2,14881,30361,20170,17976,19708
6,1.2,15042,30381,20920,17667,19661
6,1.2,15219,30213,20504,18038,19663
6,1.2,15095,30207,20553,18001,19720
6,1.2,14915,30018,20445,17747,19697
7,1.4,10572,21357,14982,13552,15435
7,1.4,10442,21434,15053,13604,15153
7,1.4,10273,21462,15144,13705,15424
7,1.4,10428,21076,15152,13493,15241
7,1.4,10277,21065,15240,13590,15160
7,1.4,10603,21367,15043,13369,15008
7,1.4,10404,21515,15030,13529,15336
7,1.4,10439,21346,15157,13544,15144
7,1.4,10274,21353,15085,13533,15317
7,1.4,10528,21303,15061,13367,15147
7,1.4,10479,21410,15222,13419,15251
7,1.4,10381,21243,15033,13680,15340
7,1.4,10314,21219,15219,13466,15224
7,1.4,10479,21358,15193,13345,15430
7,1.4,10463,21418,15020,13408,15206
7,1.4,10385,21144,15071,13571,15423
7,1.4,10337,21295,15130,13587,15132
7,1.4,10461,21452,15211,13644,15227
7,1.4,10303,21356,15172,13435,15439
7,1.4,10360,21434,15086,13524,15391
8,1.6,7226,15130,10899,10135,11747
8,1.6,7181,15089,11005,10118,11837
8,1.6,7330,15080,11116,10198,11915
8,1.6,7123,15094,11036,10095,11994
8,1.6,7241,14912,11219,10123,11870
8,1.6,7243,15123,11198,10194,11925
8,1.6,7082,14732,11076,10183,11840
8,1.6,7228,14969,11121,10203,11593
8,1.6,7310,14831,10964,10253,12075
8,1.6,7308,15151,10911,10074,11863
8,1.6,7259,14917,11069,10107,12068
8,1.6,7169,15061,10904,10174,11846
8,1.6,7114,15109,10892,10181,11720
8,1.6,7007,14978,10975,10366,11754
8,1.6,7083,15041,10909,10317,11635
8,1.6,7228,15076,10951,10061,11756
8,1.6,7153,14902,10984,10080,11883
8,1.6,7286,15089,11193,10257,11872
8,1.6,7345,14997,11191,10120,11729
8,1.6,7228,14847,11085,10257,11921
9,1.8,5018,10628,8267,7663,9241
9,1.8,5129,10486,8063,7753,9198
9,1.8,5033,10601,8185,7814,9313
9,1.8,4926,10841,8068,7685,9276
9,1.8,5210,10668,8255,7746,9235
9,1.8,5014,10719,8091,7707,9263
9,1.8,5093,10503,8031,7545,9314
9,1.8,4994,10822,8108,7683,9399
9,1.8,5017,10576,8148,7673,9335
9,1.8,5122,10698,8070,7669,9214
9,1.8,4991,10742,8032,7742,9257
9,1.8,5036,10615,8157,7717,9134
9,1.8,5034,10497,8259,7669,9111
9,1.8,4936,10681,8033,7737,9288
9,1.8,5190,10802,8116,7712,9449
9,1.8,5065,10422,7970,7507,9280
9,1.8,5001,10610,8142,7697,9261
9,1.8,5121,10819,8063,7792,9136
9,1.8,5058,10720,8220,7673,9164
9,1.8,5108,10607,8144,7593,9188
10,2,3436,7632,6054,5813,7070
10,2,3626,7671,5852,5745,7191
10,2,3520,7470,5842,5743,7380
10,2,3587,7523,6008,5814,7124
10,2,3569,7573,5840,5836,7366
10,2,3549,7589,5981,5688,7129
10,2,3679,7526,5797,5855,7146
10,2,3589,7650,5821,5612,7066
10,2,3632,7685,6003,5806,7125
10,2,3621,7541,6045,5745,7237
10,2,3564,7659,5921,5806,7236
10,2,3671,7579,5802,5843,7173
10,2,3621,7530,6033,5752,7073
10,2,3535,7553,6038,5759,7025
10,2,3501,7644,5924,5714,7245
10,2,3666,7530,5846,5768,7259
10,2,3646,7679,5979,5725,7322
10,2,3645,7557,6062,5793,7316
10,2,3645,7802,5776,5863,7282
10,2,3593,7541,5997,5863,7229
0,0,243106,294325,135186,99168,88330
0,0,243042,293442,135624,98011,88727
0,0,241393,292804,135813,98383,89324
0,0,241842,293161,136275,98681,88609
0,0,242959,294163,135078,98652,89414
0,0,242527,293734,136146,98819,88701
0,0,242524,292502,136185,99016,88636
0,0,243220,293435,135645,98976,89247
0,0,241474,292944,135514,98799,89520
0,0,242324,293279,135376,98663,88831
0,0,242373,293998,135594,98647,88659
0,0,241718,293957,135522,98723,88933
0,0,243163,293074,135975,98758,89264
0,0,243242,293739,135344,99012,89147
0,0,242824,293850,136447,99300,88796
0,0,242547,293732,135543,98528,88841
0,0,243055,292596,135884,98295,88966
0,0,241950,293843,135527,99374,89038
0,0,243125,294582,135718,98188,89215
0,0,243229,294040,136780,99632,88661
1,0.2,132634,197098,98748,74338,69142
1,0.2,131623,196826,98851,74181,69565
1,0.2,132451,197415,98641,74763,69331
1,0.2,132511,197164,98657,73901,68997
1,0.2,133097,197549,98947,74471,69049
1,0.2,132285,196813,98719,74461,69438
1,0.2,132422,197698,98245,74180,68980
1,0.2,132525,196820,99085,74653,69111
1,0.2,132533,197593,98503,74232,69312
1,0.2,132447,196764,98451,73888,68923
1,0.2,132297,197330,98663,74393,69637
1,0.2,132991,196841,98715,74403,69718
1,0.2,132945,197566,98596,74082,68844
1,0.2,132443,197654,98341,73809,69102
1,0.2,132502,198255,98979,74520,69204
1,0.2,132526,196809,98074,74233,69076
1,0.2,132188,197488,99453,73204,69262
1,0.2,132413,197176,99314,74088,69314
1,0.2,132437,198070,98552,74433,69230
1,0.2,132260,196941,99272,73933,69271
2,0.4,79554,134108,72154,55992,53994
2,0.4,79153,134029,72028,56008,53919
2,0.4,79683,133944,71975,55336,53534
2,0.4,79595,134330,72238,56236,53689
2,0.4,79164,133601,71816,55785,53752
2,0.4,79659,133484,72145,56136,53558
2,0.4,79163,133752,72197,55699,53337
2,0.4,79089,133701,72192,55944,53692
2,0.4,79664,133470,72395,56101,53448
2,0.4,79279,133675,71919,56087,53651
2,0.4,79603,133135,72242,55520,53214
2,0.4,79748,134496,71712,55965,53545
2,0.4,79439,133328,72180,55624,53159
2,0.4,79642,133557,72062,56146,53798
2,0.4,79440,133643,71969,55521,53667
2,0.4,79157,133472,71815,56161,53829
2,0.4,79188,133739,71936,55966,54105
2,0.4,79786,133427,72026,55845,53443
2,0.4,79612,133511,71745,55361,53736
2,0.4,79482,133064,72134,56067,53627
3,0.6,50242,90807,52516,41971,41791
3,0.6,50161,91362,52715,41946,41376
3,0.6,50194,90721,52630,42157,41903
3,0.6,50093,90993,52546,41627,41785
3,0.6,50184,90732,52428,42041,41834
3,0.6,50202,90973,52466,41996,41790
3,0.6,50068,90973,52359,42364,41663
3,0.6,50044,91405,52803,42213,41977
3,0.6,50239,90887,52704,42270,41494
3,0.6,50310,91005,52554,41927,41779
3,0.6,50037,91781,53073,41859,41816
3,0.6,50301,90984,52862,41640,41455
3,0.6,50172,90836,52391,42206,41940
3,0.6,50254,91496,52798,42058,41754
3,0.6,50306,91542,52629,41784,42090
3,0.6,50065,91553,52514,41990,41857
3,0.6,50225,91849,52577,41784,41732
3,0.6,50302,91292,52860,42056,41571
3,0.6,50661,91143,52527,42047,41336
3,0.6,50170,91178,52733,41942,41161
4,0.8,33026,62749,38692,31563,32398
4,0.8,32718,62980,38555,31769,32423
4,0.8,32823,62733,38285,31719,32424
4,0.8,32983,62727,38240,31419,32343
4,0.8,32872,62366,38401,31514,32383
4,0.8,33231,62539,38353,31582,32286
4,0.8,33029,63012,38959,31648,32527
4,0.8,32956,62652,38137,31235,32563
4,0.8,33013,62498,38353,31707,32388
4,0.8,33078,62564,38631,31261,32124
4,0.8,32730,62762,38395,31657,32534
4,0.8,33253,62445,38542,31529,32551
4,0.8,32698,62788,38368,31840,32519
4,0.8,32975,63074,38116,31807,32772
4,0.8,32665,62884,38615,31418,32252
4,0.8,32882,62443,38552,31313,32544
4,0.8,33350,63013,38378,31640,32629
4,0.8,33030,62489,38569,31767,32261
4,0.8,32903,62612,38323,31819,32367
4,0.8,32789,63062,38733,31556,32465
5,1,21965,43407,28376,23858,25171
5,1,22166,43369,28086,23995,25389
5,1,22248,43631,28089,23638,25102
5,1,21976,43720,28266,23643,25290
5,1,22072,43798,27666,23556,25245
5,1,22086,43323,28303,23928,25225
5,1,22088,43371,28021,23724,25565
5,1,22048,43641,28101,23687,25571
5,1,22188,43552,28114,23976,24952
5,1,22201,43439,28073,23638,25218
5,1,22033,43306,28299,24114,25216
5,1,22153,43866,28104,23616,25342
5,1,21963,43624,27921,23994,25552
5,1,21803,43410,28173,23891,25335
5,1,22107,43692,28016,24022,25292
5,1,22041,43378,28350,23746,25300
5,1,22003,43243,27872,23893,25138
5,1,22025,43352,27642,23865,25226
5,1,22142,43479,28155,23763,25412
5,1,22092,43423,27789,23636,25381
6,1.2,15132,30212,20592,18024,19462
6,1.2,15209,30543,20660,17825,19420
6,1.2,15116,30365,20500,18061,19893
6,1.2,15044,30145,20831,17900,19650
6,1.2,14708,30184,20699,17737,19682
6,1.2,15020,30377,20536,17998,19697
6,1.2,14898,30120,20347,18047,19607
6,1.2,15023,30351,20702,18040,19847
6,1.2,15040,30588,20497,18000,19658
6,1.2,15028,30493,20900,17729,19751
6,1.2,14927,30485,20404,18121,19623
6,1.2,15115,30770,20735,18122,19657
6,1.2,14916,30146,20463,18117,19653
6,1.2,15019,30577,20504,17972,19212
6,1.2,15047,30187,20513,17935,19698
6,1.2,14880,30214,20528,18051,19666
6,1.2,14832,30337,20224,17855,19763
6,1.2,15109,30446,20519,17754,19493
6,1.2,14867,30444,20815,17703,19698
6,1.2,15006,30347,20408,17851,19632
7,1.4,10235,21306,15022,13692,15292
7,1.4,10499,21092,14945,13523,14993
7,1.4,10348,21120,15243,13472,15423
7,1.4,10234,21367,15038,13604,15360
7,1.4,10349,20947,15133,13226,15209
7,1.4,10293,21179,15085,13452,15344
7,1.4,10426,21426,15164,13650,15171
7,1.4,10271,21428,15196,13372,15381
7,1.4,10533,21357,15045,13373,15565
7,1.4,10328,21509,15060,13363,14989
7,1.4,10394,21238,15055,13598,15289
7,1.4,10300,21223,15012,13866,15242
7,1.4,10171,21529,15248,13473,15210
7,1.4,10514,21380,15090,13526,15257
7,1.4,10390,21142,14990,13491,15282
7,1.4,10287,21282,15016,13399,15320
7,1.4,10498,21341,14994,13623,15169
7,1.4,10595,21338,15308,13736,15310
7,1.4,10290,21348,15060,13500,15246
7,1.4,10382,21493,15010,13475,15509
8,1.6,7220,15125,11049,10155,11806
8,1.6,6923,14885,11118,9894,11648
8,1.6,7369,15184,11148,10236,11822
8,1.6,7154,14939,10925,10088,11764
8,1.6,7192,15176,11092,10221,11955
8,1.6,7366,14930,11051,10078,11742
8,1.6,7267,15151,10821,10338,11927
8,1.6,7247,14907,11195,10356,11805
8,1.6,7250,14903,11035,10116,11833
8,1.6,7115,14948,11143,10066,12099
8,1.6,7415,15335,11023,10068,11709
8,1.6,7338,14722,11043,10356,11976
8,1.6,7139,15086,10865,10149,11744
8,1.6,7292,15090,11149,10245,11628
8,1.6,7169,14957,11001,10219,12063
8,1.6,7100,14833,11091,10494,12008
8,1.6,7141,14928,11141,10128,11768
8,1.6,7275,15079,10958,10320,11824
8,1.6,7414,14900,10929,10358,11967
8,1.6,7276,15015,10925,10273,12005
9,1.8,5071,10577,8061,7672,9255
9,1.8,4993,10912,8079,7690,9217
9,1.8,5043,10564,8160,7837,9285
9,1.8,5131,10591,8131,7785,9320
9,1.8,5040,10698,8337,7634,9282
9,1.8,5077,10617,8069,7676,9142
9,1.8,5084,10772,8112,7629,9340
9,1.8,5117,10655,8209,7666,9182
9,1.8,5043,10737,8133,7844,9149
9,1.8,5023,10527,8124,7753,9260
9,1.8,4914,10735,8138,7694,9347
9,1.8,4995,10615,8080,7607,9268
9,1.8,5037,10742,8183,7598,9390
9,1.8,5016,10670,7990,7797,9144
9,1.8,5096,10430,8052,7715,9396
9,1.8,5154,10574,8023,7710,9073
9,1.8,5124,10622,8130,7695,9377
9,1.8,4990,10472,8060,7522,9335
9,1.8,5042,10637,8051,7665,9225
9,1.8,5155,10504,8274,7609,9347
10,2,3619,7652,6007,5949,7299
10,2,3531,7738,6053,5812,7035
10,2,3588,7578,5767,5786,7271
10,2,3556,7575,6035,5782,7186
10,2,3567,7534,5894,5884,7269
10,2,3503,7611,5913,5780,7240
10,2,3589,7514,5840,5776,7168
10,2,3639,7716,5981,5812,7159
10,2,3617,7535,5891,5837,7243
10,2,3585,7750,5918,5819,7207
10,2,3672,7630,5966,5887,7282
10,2,3589,7503,6000,5793,7386
10,2,3541,7721,5887,5778,7255
10,2,3560,7666,5908,5888,7163
10,2,3507,7522,5927,5833,7265
10,2,3577,7632,6010,5837,7087
10,2,3543,7707,5909,5893,7098
10,2,3667,7570,6076,5770,7227
10,2,3606,7563,5896,5947,7162
10,2,3533,7733,5977,5636,7183
0,0,242558,293578,135911,98880,89127
0,0,242123,293906,136085,98596,88384
0,0,242005,292884,135302,99251,88671
0,0,242941,294165,135319,98868,88981
0,0,242134,294156,135391,98965,88668
0,0,242371,293672,136024,98744,89036
0,0,243464,293270,135551,98756,88853
0,0,243044,292779,136094,99393,88926
0,0,242869,294436,135880,98043,88198
0,0,243247,293315,136016,98323,88551
0,0,242376,293642,135987,99226,88794
0,0,243824,293472,135548,99343,88745
0,0,242545,293876,135369,98598,89221
0,0,242687,293840,136564,98481,88523
0,0,241805,293817,135806,98937,88478
0,0,242066,294427,135918,98649,88712
0,0,243014,293822,135996,98685,89144
0,0,241478,293941,135012,98814,89185
0,0,242906,292584,135472,99263,88811
0,0,242871,293713,135312,99295,88611
1,0.2,132314,196292,98997,74105,69291
1,0.2,132634,198477,98803,74167,69052
1,0.2,132340,197004,99181,74565,69148
1,0.2,132258,197095,98660,74296,68718
1,0.2,132346,197808,99218,74187,69323
1,0.2,132277,197445,99078,74107,69325
1,0.2,132141,197180,98783,74335,68714
1,0.2,132869,197053,98975,74324,68563
1,0.2,132118,196648,98829,74088,69115
1,0.2,132085,197936,98637,73735,69013
1,0.2,132430,197335,99070,74436,68617
1,0.2,133083,196624,98766,74433,69217
1,0.2,132228,196773,98555,74602,68593
1,0.2,132251,196883,98669,74070,69437
1,0.2,132072,197226,99325,74397,68968
1,0.2,132244,197640,98791,74456,68518
1,0.2,132928,197368,99175,73848,69360
1,0.2,132283,197209,99253,74749,68494
1,0.2,133013,196857,98777,74230,69072
1,0.2,132667,197149,99545,73731,69377
2,0.4,79606,132699,72263,55651,53350
2,0.4,79375,133046,71808,55508,53745
2,0.4,79316,133660,71895,55760,53663
2,0.4,79684,133604,72122,56195,53539
2,0.4,79692,133577,72014,55470,53869
2,0.4,79388,134264,72127,56013,53576
2,0.4,79647,133087,71998,55946,53678
2,0.4,79415,133950,72377,55692,53622
2,0.4,79135,134054,72044,55536,53598
2,0.4,79574,133700,71880,55736,53937
2,0.4,79441,133575,72047,55696,53655
2,0.4,79581,133706,71630,55544,53650
2,0.4,79274,133929,72381,55572,53444
2,0.4,79718,134456,72048,56145,53642
2,0.4,79694,133514,71824,55880,53556
2,0.4,79606,133939,72271,55932,53896
2,0.4,79852,134377,72248,55578,53605
2,0.4,79677,132981,72421,55984,53561
2,0.4,79760,133291,72261,55688,53353
2,0.4,79564,133719,71925,56042,53449
3,0.6,49985,91060,52872,41923,41757
3,0.6,50363,91305,52458,41782,41668
3,0.6,50196,91669,52826,42342,41889
3,0.6,50610,91402,52559,41885,41444
3,0.6,50722,90997,52515,42128,41750
3,0.6,50405,91648,52563,41962,41880
3,0.6,50569,91222,52649,42131,41895
3,0.6,50024,91817,52487,42214,41800
3,0.6,50224,91515,52604,41840,41829
3,0.6,50221,91189,52824,42131,41667
3,0.6,50573,91271,52852,41754,41985
3,0.6,50190,91482,52699,41891,41983
3,0.6,50456,91190,52416,41926,41808
3,0.6,50079,91496,52645,41915,42110
3,0.6,50591,91587,52525,41743,41674
3,0.6,50316,91518,52574,41954,42075
3,0.6,50303,91467,52577,42060,42052
3,0.6,50136,90858,52593,42003,41950
3,0.6,50208,91300,52803,42328,41972
3,0.6,50430,90945,52463,42065,41946
4,0.8,33145,62996,38502,31511,32554
4,0.8,33344,62951,38354,31354,32648
4,0.8,32975,63271,38086,31288,32571
4,0.8,32911,62796,38740,31478,32412
4,0.8,32697,62855,38560,31967,32258
4,0.8,32608,62966,38533,31708,32701
4,0.8,32662,62562,38298,31929,32412
4,0.8,32818,62932,38234,31468,32363
4,0.8,33116,62811,38498,31659,32436
4,0.8,33021,62448,38329,31464,32645
4,0.8,32834,62875,38436,31676,32541
4,0.8,32728,62853,38237,31684,32461
4,0.8,33090,62887,38395,31678,32469
4,0.8,32802,62830,38290,31534,32602
4,0.8,32712,63138,38081,31365,32510
4,0.8,32855,63176,38448,32049,32426
4,0.8,33019,62831,38476,31496,32623
4,0.8,32925,62573,38491,31680,32319
4,0.8,33141,63203,38427,31791,32416
4,0.8,32882,62879,38375,31432,32551
5,1,22244,43607,28023,23742,25159
5,1,22142,43621,28201,23830,25174
5,1,22186,43243,27988,23979,25144
5,1,22413,43499,28300,23842,25471
5,1,22121,43349,27985,23861,25492
5,1,22131,43532,27985,23774,25050
5,1,22114,43013,28169,23962,25147
5,1,21992,43661,28236,23963,25347
5,1,22013,42949,28020,23871,25150
5,1,22069,43369,27986,23600,25351
5,1,21968,43913,28416,23702,25252
5,1,21994,43129,27900,23688,25260
5,1,22072,43508,28191,23769,25361
5,1,22147,43555,28184,23788,24894
5,1,22116,43923,28285,23766,25369
5,1,22341,43615,28217,23786,25472
5,1,22307,43228,28066,23821,25307
5,1,21961,43330,28281,23686,25132
5,1,22280,43581,27923,23938,25146
5,1,22109,43552,28182,23893,25316
6,1.2,15058,30385,20504,17789,19428
6,1.2,14974,30200,20462,18167,19665
6,1.2,15188,30353,20262,17731,19483
6,1.2,15079,30372,20522,18174,19716
6,1.2,15009,30445,20469,17608,19701
6,1.2,14993,30613,20791,18036,19501
6,1.2,15064,30188,20486,17928,19765
6,1.2,14884,30323,20513,17900,19694
6,1.2,14967,30412,20427,17994,19816
6,1.2,15015,30305,20618,18074,19817
6,1.2,14972,30153,20466,17894,19640
6,1.2,15021,30515,20331,17827,19378
6,1.2,14677,30517,20552,18010,19527
6,1.2,14954,30120,20566,17951,19590
6,1.2,14882,30331,20851,18161,19794
6,1.2,15018,30453,20541,17958,19906
6,1.2,15200,30542,20869,17949,19607
6,1.2,15211,30241,20622,17870,19495
6,1.2,14773,30224,20497,17845,19837
6,1.2,15043,30427,20642,17932,19697
7,1.4,10430,21328,15188,13462,15240
7,1.4,10309,21111,15026,13546,15413
7,1.4,10149,21070,15095,13404,15491
7,1.4,10394,21153,15219,13573,15389
7,1.4,10270,21447,15126,13445,15463
7,1.4,10218,21531,14970,13519,15006
7,1.4,10361,20987,15115,13436,15166
7,1.4,10521,21273,15270,13784,15188
7,1.4,10258,21105,15037,13759,15195
7,1.4,10449,21357,15106,13535,15255
7,1.4,10412,21274,15061,13488,15140
7,1.4,10226,21076,15105,13453,15316
7,1.4,10292,21569,15110,13733,15325
7,1.4,10420,21260,15089,13547,15145
7,1.4,10406,21242,14896,13753,15328
7,1.4,10500,21256,14919,13436,15395
7,1.4,10415,21222,14924,13466,15287
7,1.4,10452,21152,15104,13549,15553
7,1.4,10334,21307,14836,13565,15167
7,1.4,10379,21277,15042,13553,15357
8,1.6,7283,15060,11088,10242,11842
8,1.6,7228,14979,10954,10165,11804
8,1.6,7066,14787,10859,10162,11777
8,1.6,7222,14938,11036,10241,11680
8,1.6,7258,14918,10943,10324,12046
8,1.6,7374,15144,11063,10475,11878
8,1.6,7219,14992,11168,10330,11727
8,1.6,7196,15133,11045,10207,11744
8,1.6,7180,14934,11005,10133,11706
8,1.6,7109,15093,10860,10113,11932
8,1.6,7227,14893,11001,9944,11997
8,1.6,7144,15127,11002,10241,11874
8,1.6,7230,14998,11126,10221,11944
8,1.6,7254,15118,10900,10060,11779
8,1.6,7379,14982,11030,10154,11840
8,1.6,7358,14814,10974,10106,11918
8,1.6,7186,15095,11178,10048,11983
8,1.6,7212,15069,11099,10318,12000
8,1.6,7239,14998,11217,10426,11819
8,1.6,7301,15250,11095,10127,11859
9,1.8,5120,10490,8221,7623,9133
9,1.8,5063,10625,8070,7653,9188
9,1.8,5112,10637,8059,7570,9310
9,1.8,5122,10522,8220,7818,9130
9,1.8,5118,10644,7984,7806,9293
9,1.8,5017,10706,8147,7707,9021
9,1.8,5125,10778,8162,7680,9051
9,1.8,5088,10681,7942,7702,9192
9,1.8,5078,10658,8225,7641,9221
9,1.8,4997,10648,7907,7645,9330
9,1.8,5024,10555,8129,7644,9342
9,1.8,5233,10696,8074,7676,9261
9,1.8,5060,10656,8229,7594,9368
9,1.8,5101,10703,8166,7633,9179
9,1.8,5100,10773,8236,7742,9283
9,1.8,5016,10596,8219,7709,9289
9,1.8,5018,10523,8076,7663,9308
9,1.8,5066,10639,8033,7842,9423
9,1.8,5098,10666,8078,7783,9258
9,1.8,5088,10583,8002,7717,9249
10,2,3522,7625,5951,5879,7235
10,2,3466,7575,5973,5753,7266
10,2,3558,7712,5997,5837,7245
10,2,3468,7573,6039,5820,7245
10,2,3511,7664,5932,5897,7317
10,2,3496,7598,6057,5866,7183
10,2,3585,7567,5938,5773,7321
10,2,3563,7524,5921,5859,7244
10,2,3625,7610,6113,5840,7167
10,2,3583,7548,5977,5815,7157
10,2,3539,7751,5957,5807,7196
10,2,3652,7566,5891,5765,7182
10,2,3571,7637,6003,5933,7261
10,2,3558,7599,6059,5963,7224
10,2,3579,7593,6002,5825,7245
10,2,3589,7595,5920,5908,7311
10,2,3492,7580,5982,5661,7233
10,2,3521,7434,5956,5772,7320
10,2,3561,7659,5990,5790,7175
10,2,3490,7579,6050,5767,7229
0,0,242575,294668,135955,98837,88960
0,0,242449,294429,134834,98526,88831
0,0,242145,294708,135947,99148,88922
0,0,241995,292716,135478,98853,88821
0,0,242714,293345,136123,98881,88402
0,0,241917,293849,135604,98600,88207
0,0,242288,293235,135397,98643,88711
0,0,242605,293873,135697,98919,88837
0,0,242630,294049,135961,99123,89188
0,0,242929,293583,135858,99572,89251
0,0,242988,294216,135488,98350,88714
0,0,241949,293965,135489,98803,88665
0,0,242676,292683,136077,98762,88419
0,0,241960,294329,136658,98612,88737
0,0,242504,293900,135235,98953,88836
0,0,243123,294290,135904,98682,88843
0,0,242346,293192,135440,98940,88547
0,0,242385,293843,135449,99087,88457
0,0,242180,293728,135585,98843,88702
0,0,242568,294251,136023,98970,88624
1,0.2,132289,197050,98999,74678,69174
1,0.2,132426,197683,98805,74061,69239
1,0.2,132457,197828,98795,74317,69259
1,0.2,132613,197256,98445,74373,69348
1,0.2,132774,196311,98908,74110,69230
1,0.2,132436,197256,98537,74420,69242
1,0.2,132597,198056,98573,74630,68578
1,0.2,133441,196671,98585,74358,69549
1,0.2,132705,198151,98910,74073,69412
1,0.2,133017,197485,99014,74077,69455
1,0.2,132365,197593,98688,74312,69089
1,0.2,132400,197544,98332,73769,68650
1,0.2,132500,197959,98462,74149,69505
1,0.2,132339,197452,98560,74309,69097
1,0.2,132318,197383,99061,73717,69200
1,0.2,132825,197509,98880,73842,68995
1,0.2,132050,197228,98967,74244,68680
1,0.2,132876,197772,98381,74568,69603
1,0.2,133127,197001,98804,74092,68656
1,0.2,132605,197359,98921,74684,69186
2,0.4,79690,133195,71407,55854,53699
2,0.4,79255,133769,72197,55954,53537
2,0.4,78959,134529,72016,55895,53714
2,0.4,79676,134154,71762,55648,54246
2,0.4,79898,133766,72164,55416,54397
2,0.4,79733,134284,72036,55949,53875
2,0.4,79776,133371,72364,55943,53796
2,0.4,79654,133967,72158,55923,53494
2,0.4,80012,133307,71890,55406,53980
2,0.4,79264,133632,71897,55715,53558
2,0.4,79733,133454,72349,55833,53670
2,0.4,79750,133942,71949,55761,53705
2,0.4,78836,134230,72124,55715,54008
2,0.4,78727,133569,72197,55919,53968
2,0.4,79501,133201,72037,55923,53443
2,0.4,79488,133473,72385,56129,53580
2,0.4,80005,133124,72131,55812,53931
2,0.4,79356,133469,71627,55756,53394
2,0.4,79822,133470,72239,56149,54207
2,0.4,79340,134038,71922,56164,53716
3,0.6,50387,90754,52657,41877,41578
3,0.6,50060,91280,52372,42183,41834
3,0.6,50084,91280,52273,42200,41763
3,0.6,50584,91481,52597,41692,41417
3,0.6,50214,92076,52758,41747,42157
3,0.6,49860,90467,52664,41514,42166
3,0.6,50501,90737,52897,42007,41827
3,0.6,50104,91289,52654,41818,41756
3,0.6,50883,90975,52381,42144,41935
3,0.6,50181,91358,52780,41968,41861
3,0.6,49844,90760,52755,42156,41974
3,0.6,50151,91015,52475,42150,41729
3,0.6,50397,90987,53117,41936,42123
3,0.6,50546,91209,52352,42228,41579
3,0.6,50470,91197,52607,42361,41663
3,0.6,50124,91690,52103,42345,41621
3,0.6,50297,90982,52483,41976,42312
3,0.6,50357,91230,52461,42092,41688
3,0.6,50514,91142,53040,42030,41959
3,0.6,49978,91819,52392,42026,41703
4,0.8,32974,62461,38249,31611,32116
4,0.8,32721,62908,38349,31480,32752
4,0.8,32680,62771,38096,31501,32513
4,0.8,33236,62866,38935,31299,32573
4,0.8,33091,62640,38708,31574,32410
4,0.8,33022,62822,38617,31598,32413
4,0.8,32926,62530,38428,31729,32438
4,0.8,33071,62469,38506,31787,32567
4,0.8,33105,62507,38428,31914,32385
4,0.8,32645,62883,38479,31697,32655
4,0.8,32924,63105,38299,31718,32119
4,0.8,33028,62586,38452,31629,32197
4,0.8,33326,62831,38392,31392,32251
4,0.8,32885,62678,38437,31680,32317
4,0.8,32931,62656,38512,31893,32089
4,0.8,32576,62608,38288,31535,32276
4,0.8,32758,62849,38449,31487,32586
4,0.8,32931,62808,38583,31493,32477
4,0.8,32722,62303,38431,31600,32602
4,0.8,32847,62821,38718,31232,32758
5,1,22203,43484,28102,24006,25211
5,1,22348,43761,28026,23535,25473
5,1,22349,43638,28003,23741,25063
5,1,22093,43546,28058,23964,24786
5,1,22161,43227,28024,23996,25067
5,1,22050,43280,28061,23726,25601
5,1,21974,43490,28386,23809,25321
5,1,22142,43692,28289,23892,25619
5,1,22186,43474,28248,23898,25378
5,1,22033,43457,28340,23741,25082
5,1,21736,43352,27977,23537,25312
5,1,22120,43623,27908,23787,25284
5,1,22024,43504,28161,23639,25504
5,1,22108,43570,28199,23864,25039
5,1,22078,43643,27974,23860,25316
5,1,22235,43090,27998,23564,24978
5,1,22063,43187,28180,23791,25171
5,1,22021,43191,28238,23801,25370
5,1,22168,43518,27933,23774,25396
5,1,21737,43714,27746,23825,25065
6,1.2,14956,30464,20645,17584,19566
6,1.2,15050,30433,20402,17845,19562
6,1.2,14840,30441,20622,17790,19662
6,1.2,14952,30371,20625,17854,19571
6,1.2,14962,30143,20685,17884,19627
6,1.2,14956,30383,20386,18015,19639
6,1.2,14894,30371,20730,18050,19678
6,1.2,15031,30405,20745,17673,19688
6,1.2,14984,30243,20560,17896,19871
6,1.2,14972,30518,20835,18032,19581
6,1.2,14936,30280,20476,17889,19748
6,1.2,15012,30553,20689,17854,19603
6,1.2,14993,30438,20848,17756,19524
6,1.2,15104,30571,20827,18094,19620
6,1.2,15116,30511,20382,18008,19552
6,1.2,14910,30204,20393,17999,19454
6,1.2,15064,30341,20650,17887,19662
6,1.2,15352,30251,20598,18119,19583
6,1.2,15136,30265,20580,17863,19763
6,1.2,14972,30509,20593,17684,19678
7,1.4,10159,21118,15122,13630,15002
7,1.4,10552,21134,15146,13746,15176
7,1.4,10302,21347,15211,13459,15089
7,1.4,10317,21334,15410,13487,15222
7,1.4,10349,21449,14914,13506,15149
7,1.4,10319,21434,15080,13386,15450
7,1.4,10499,21476,15253,13596,15275
7,1.4,10307,21156,14988,13620,15074
7,1.4,10331,21322,14918,13387,15266
7,1.4,10347,21123,15118,13484,15276
7,1.4,10417,21274,14996,13686,15282
7,1.4,10486,21029,15016,13340,15141
7,1.4,10409,21087,14906,13543,15344
7,1.4,10501,21246,15190,13468,15276
7,1.4,10272,21373,14951,13643,15434
7,1.4,10419,21423,15101,13611,15254
7,1.4,10357,21175,15125,13647,15173
7,1.4,10419,21154,15024,13497,15334
7,1.4,10599,21124,14944,13324,15379
7,1.4,10381,21100,15202,13549,15248
8,1.6,7225,15204,10973,10153,11734
8,1.6,7161,15094,10957,10205,12032
8,1.6,7135,15151,11009,10288,11808
8,1.6,7184,14771,11097,10290,11973
8,1.6,7322,14934,11318,10184,11970
8,1.6,7112,14882,10999,10302,11845
8,1.6,7281,14875,11216,10201,11806
8,1.6,7205,14862,11171,10233,11957
8,1.6,7181,15128,11009,10149,11856
8,1.6,7271,15036,11189,10343,11976
8,1.6,7258,14892,10877,10055,11792
8,1.6,7315,15182,11153,10252,11759
8,1.6,7284,15013,11026,9946,11867
8,1.6,7196,15009,11239,10065,11824
8,1.6,7315,15120,10895,10143,12018
8,1.6,7241,14997,11213,10249,12018
8,1.6,7126,14941,10953,10319,11796
8,1.6,7319,15084,11074,10276,11889
8,1.6,7316,15002,11007,10038,11798
8,1.6,7176,14978,11097,10204,12017
9,1.8,5143,10683,8164,7720,9422
9,1.8,5152,10753,8084,7695,9271
9,1.8,5044,10838,8046,7547,9301
9,1.8,5128,10580,8046,7734,9179
9,1.8,5003,10675,8106,7800,9265
9,1.8,5111,10697,7996,7573,9160
9,1.8,5124,10417,8062,7765,9275
9,1.8,5017,10548,8162,7702,9183
9,1.8,4974,10821,8126,7711,9184
9,1.8,5067,10765,8085,7769,9268
9,1.8,5030,10718,8103,7643,9326
9,1.8,4994,10583,8173,7635,9241
9,1.8,5107,10460,8137,7730,9240
9,1.8,5028,10669,8184,7570,9266
9,1.8,5131,10703,8057,7818,9199
9,1.8,5030,10783,8102,7615,9401
9,1.8,5005,10604,8061,7883,9499
9,1.8,5121,10513,7967,7758,9333
9,1.8,5029,10621,8073,7704,9203
9,1.8,5002,10519,8154,7749,9131
10,2,3558,7435,6058,5725,7329
10,2,3597,7531,6053,5780,7308
10,2,3590,7601,5923,5812,7272
10,2,3641,7565,5956,5743,7170
10,2,3656,7504,6000,5702,7165
10,2,3727,7601,5968,5738,7115
10,2,3636,7537,6039,5884,7215
10,2,3495,7713,5892,5783,7078
10,2,3616,7580,5853,5767,7066
10,2,3606,7496,5908,5767,7113
10,2,3498,7569,6004,5899,7258
10,2,3510,7708,5940,5818,7273
10,2,3543,7623,5999,5749,7048
10,2,3501,7611,6021,5789,7296
10,2,3491,7637,5984,5775,7176
10,2,3544,7499,6094,5828,7114
10,2,3705,7468,6018,5767,7209
10,2,3602,7549,5980,5758,7274
10,2,3536,7570,5903,5748,7127
10,2,3559,7712,6039,5910,7116
0,0,242180,293767,135709,98474,88266
0,0,242059,293675,135686,98361,89094
0,0,241393,294119,136055,98893,88854
0,0,242081,293984,135294,99130,88888
0,0,242981,293845,135065,98821,89037
0,0,242421,293056,135483,98710,88433
0,0,241767,293213,135582,98515,89074
0,0,241857,293243,136151,98966,88860
0,0,243133,294943,135991,98429,89204
0,0,241704,293418,135590,98694,89003
0,0,241624,293522,135571,98955,88696
0,0,242123,292537,135930,98730,88866
0,0,242655,293726,135656,99220,88746
0,0,242233,293787,136046,98754,88727
0,0,241061,294450,136083,98590,89361
0,0,242440,293521,135637,98874,89000
0,0,242206,294118,135607,98829,89425
0,0,242527,293150,136013,98740,88727
0,0,242050,292598,135826,98891,88373
0,0,242156,293599,135687,98855,88464
1,0.2,132310,197032,99300,74039,69049
1,0.2,132316,197392,98863,74388,69768
1,0.2,132819,197221,98568,74114,68859
1,0.2,132775,196834,98539,74127,68728
1,0.2,132944,196838,98858,74365,69048
1,0.2,132971,197234,98973,74203,69020
1,0.2,132705,197166,98705,74216,69520
1,0.2,132755,197456,98718,74189,69051
1,0.2,132998,198418,99337,74245,68808
1,0.2,132074,197461,98756,74094,69173
1,0.2,132136,197124,98457,74381,69108
1,0.2,132286,196635,99388,74124,68679
1,0.2,132817,196975,99233,74503,68889
1,0.2,132749,196790,98808,74643,68948
1,0.2,132775,197639,98799,74160,68852
1,0.2,132652,196998,98219,74179,68661
1,0.2,132671,197090,98988,74377,69444
1,0.2,132188,197326,98880,73991,68813
1,0.2,132486,197295,99114,74115,69067
1,0.2,132823,196984,99063,74330,69052
2,0.4,79794,133524,72310,56210,53568
2,0.4,79589,133489,71490,56010,53389
2,0.4,79354,133590,72180,56100,53851
2,0.4,79429,133076,72103,55793,54065
2,0.4,79794,133234,72165,55604,53880
2,0.4,79639,133788,71855,55745,53372
2,0.4,79036,133490,72356,55692,53930
2,0.4,79463,133287,72443,55700,53529
2,0.4,79696,133341,72396,55804,53798
2,0.4,79653,133507,72435,55984,53324
2,0.4,79336,133770,72009,55928,53124
2,0.4,79837,133998,71679,55474,54015
2,0.4,79302,133231,72096,55844,53829
2,0.4,79353,133393,72538,55358,53810
2,0.4,79531,133827,72040,55812,53542
2,0.4,79883,133570,72049,55813,53640
2,0.4,79598,133796,71950,55813,53838
2,0.4,79672,134196,71891,55630,53721
2,0.4,79871,134055,71807,55987,53836
2,0.4,79333,133969,72943,55556,53580
3,0.6,50460,90703,52597,41782,41791
3,0.6,50277,91884,52636,42205,41533
3,0.6,50165,91628,52845,42058,41563
3,0.6,50165,90765,52991,41606,41585
3,0.6,50493,91075,52683,41930,41729
3,0.6,50147,91110,52813,41900,41633
3,0.6,50508,91505,52433,42004,41740
3,0.6,50341,91109,52648,41962,41367
3,0.6,50539,91481,52458,41770,41679
3,0.6,50246,91266,52935,41878,41618
3,0.6,50148,91543,52406,42291,41929
3,0.6,50292,91370,52653,41930,41538
3,0.6,50447,91873,52886,42046,41786
3,0.6,50269,91086,53012,41890,41397
3,0.6,50764,91156,52789,42162,41726
3,0.6,50309,92019,52868,41839,41724
3,0.6,50213,91656,52387,41909,41703
3,0.6,50299,91768,52630,41976,42081
3,0.6,50329,91478,52633,42135,41830
3,0.6,50124,91357,53004,42181,41681
4,0.8,32966,62861,38553,31834,32540
4,0.8,33043,62441,38543,31688,32444
4,0.8,32843,62272,38580,31363,32471
4,0.8,32799,63014,38363,31656,32539
4,0.8,32792,62838,38794,31500,32239
4,0.8,33304,62729,38695,31840,32218
4,0.8,32907,62771,38318,31539,32426
4,0.8,32815,62888,38856,31863,32337
4,0.8,33026,62737,38541,31658,32389
4,0.8,32912,62780,38575,31820,32569
4,0.8,33123,63003,38672,31610,32563
4,0.8,32962,63109,38496,31598,32428
4,0.8,32720,62464,38397,31649,32512
4,0.8,32900,62700,38633,31797,32585
4,0.8,32874,63239,38567,31541,32434
4,0.8,33007,62842,38327,31393,32278
4,0.8,32976,62424,38494,31502,32518
4,0.8,33398,62597,38402,31507,32239
4,0.8,32911,62627,38288,31639,32675
4,0.8,33074,62383,38514,31678,31939
5,1,22147,43872,27970,23766,25138
5,1,22031,43736,28174,23909,25292
5,1,22138,43605,28134,23896,25333
5,1,22110,43549,28277,24033,25310
5,1,22139,43931,28208,23734,24945
5,1,21972,43272,28173,23664,25332
5,1,22341,43773,27959,23682,25218
5,1,22279,43868,28388,23669,25513
5,1,21704,43399,28169,23877,25281
5,1,21995,43311,28193,23878,25350
5,1,21850,43504,28109,23750,25378
5,1,22144,43191,28020,23816,25276
5,1,22230,43588,28078,23580,25238
5,1,21904,43766,27896,23827,25293
5,1,22066,43475,28064,23733,25290
5,1,22091,43470,28207,23896,25409
5,1,22121,43573,28274,24144,25204
5,1,22156,43215,27988,24117,25631
5,1,22105,43247,28050,23527,24953
5,1,22285,43820,28065,23843,25161
6,1.2,14946,30618,20722,18181,19533
6,1.2,14925,30395,20522,18074,19583
6,1.2,15125,30442,20608,18089,19493
6,1.2,14825,30308,20423,17922,19801
6,1.2,14940,30383,20579,18070,19777
6,1.2,15023,30305,20518,17964,19629
6,1.2,15139,30509,20565,17683,19638
6,1.2,15141,30402,20861,18007,19433
6,1.2,15033,30449,20747,17815,19347
6,1.2,15095,30671,20366,17729,19725
6,1.2,14969,30385,20706,17584,19786
6,1.2,14899,30230,20320,17764,19461
6,1.2,15048,30465,20638,18128,19677
6,1.2,15056,30269,20311,18013,19461
6,1.2,15081,30243,20707,18027,19637
6,1.2,15171,30387,20584,17716,19579
6,1.2,15145,30225,20305,17865,19678
6,1.2,15000,30390,20445,17701,19537
6,1.2,14916,30113,20457,18035,19585
6,1.2,14871,30252,20722,17883,19739
7,1.4,10316,21172,14985,13423,15336
7,1.4,10479,21253,14913,13659,14975
7,1.4,10415,21258,15159,13461,15384
7,1.4,10366,21052,14826,13540,15161
7,1.4,10449,21365,15082,13467,15094
7,1.4,10474,21368,14898,13437,15207
7,1.4,10347,21258,14933,13241,15402
7,1.4,10437,21313,15098,13589,15146
7,1.4,10280,21473,14990,13672,15114
7,1.4,10367,21181,15011,13696,15388
7,1.4,10353,21277,14953,13636,15174
7,1.4,10313,21252,14968,13701,15384
7,1.4,10537,21278,15093,13543,15171
7,1.4,10360,21523,15092,13633,15130
7,1.4,10277,21225,15029,13597,15205
7,1.4,10333,21354,14880,13680,15436
7,1.4,10325,21369,14973,13495,15218
7,1.4,10445,21214,14876,13322,15475
7,1.4,10340,21334,15147,13553,15357
7,1.4,10439,21474,14909,13366,14998
8,1.6,7211,14926,11094,10193,11752
8,1.6,7330,15122,11144,10167,11720
8,1.6,7254,15180,11056,10221,11824
8,1.6,7185,14984,10962,10355,11891
8,1.6,7304,14882,10791,10012,11931
8,1.6,7158,15095,11101,10222,12006
8,1.6,7255,15117,11050,10118,11858
8,1.6,7201,14888,11194,10301,12054
8,1.6,7182,15019,10949,10273,11801
8,1.6,7258,15057,11249,10251,11829
8,1.6,7228,14598,11268,10061,11758
8,1.6,7375,15088,11191,10119,11847
8,1.6,7190,15106,11021,10074,11960
8,1.6,7338,14931,10900,10013,12159
8,1.6,7156,15132,10918,10070,11689
8,1.6,7221,14959,10986,10200,11759
8,1.6,7170,14986,11199,10120,11894
8,1.6,7268,15032,11221,10153,11840
8,1.6,7276,15092,11108,10196,11632
8,1.6,7297,14783,11040,10197,11738
9,1.8,4937,10674,7943,7662,9155
9,1.8,5167,10767,8255,7800,9183
9,1.8,4973,10624,8178,7566,9299
9,1.8,5136,10841,8010,7731,9114
9,1.8,4872,10550,8231,7690,9361
9,1.8,5054,10752,8067,7644,9261
9,1.8,5035,10727,8015,7781,9297
9,1.8,5130,10741,8111,7897,9391
9,1.8,5139,10580,8130,7613,9259
9,1.8,5153,10520,7866,7732,9200
9,1.8,5102,10916,8231,7635,9283
9,1.8,4985,10756,8086,7667,9146
9,1.8,4917,10578,7880,7833,9366
9,1.8,5017,10568,7940,7592,9189
9,1.8,4942,10653,8147,7653,9388
9,1.8,5108,10559,8041,7820,9240
9,1.8,4987,10679,7952,7710,9157
9,1.8,5042,10735,7964,7560,9221
9,1.8,4982,10643,8129,7769,9212
9,1.8,5133,10690,8302,7743,9296
10,2,3628,7615,5999,5798,7144
10,2,3695,7654,6082,5794,7195
10,2,3506,7530,5829,5770,7393
10,2,3455,7728,5899,5798,7253
10,2,3568,7646,5922,5709,7240
10,2,3515,7551,5955,5680,7392
10,2,3599,7546,5914,5836,7337
10,2,3498,7573,5834,5618,7135
10,2,3526,7605,5944,5802,7140
10,2,3631,7683,5990,5772,7371
10,2,3606,7698,5860,5721,7124
10,2,3622,7619,5933,5747,7132
10,2,3626,7530,6045,5703,7080
10,2,3558,7683,6044,5766,7264
10,2,3506,7610,5947,5757,7228
10,2,3617,7552,5952,5721,7198
10,2,3544,7592,5976,5826,7015
10,2,3564,7646,5990,5869,7255
10,2,3674,7646,6055,5796,7201
10,2,3484,7632,6112,5850,7056
0,0,242518,293968,135394,98450,88225
0,0,242263,294121,135543,99432,89428
0,0,243210,294680,135098,99428,89053
0,0,242083,293907,135676,98442,88711
0,0,243118,294466,136043,98569,88725
0,0,241841,292824,135236,98736,89426
0,0,241991,293181,136239,99124,88837
0,0,242268,294839,135490,98651,88928
0,0,241791,293988,135515,98422,89338
0,0,241595,294495,135825,98259,88978
0,0,242076,292851,136227,98727,89091
0,0,241982,293491,135522,98506,88848
0,0,242981,293975,135151,98976,88965
0,0,242704,293106,135850,99031,88710
0,0,241676,293075,135714,98681,88895
0,0,241687,294125,135553,98810,88871
0,0,242772,293094,135380,99344,88447
0,0,242938,293508,135526,98944,88857
0,0,242454,294440,135388,98435,89034
0,0,241866,294395,135258,98027,89203
1,0.2,132961,198027,99399,74505,69152
1,0.2,132105,197260,98754,74696,68623
1,0.2,132259,196526,98907,74188,68875
1,0.2,132804,197038,99027,74243,69189
1,0.2,132447,197430,99031,74129,69397
1,0.2,132803,197165,98813,74424,69261
1,0.2,132344,198172,98726,74119,69103
1,0.2,131800,196765,98554,74476,69194
1,0.2,132665,197160,98916,74178,69335
1,0.2,132684,198148,99204,74385,69310
1,0.2,132476,196568,98605,74037,69021
1,0.2,131904,197191,98664,74499,69105
1,0.2,132508,197358,98653,73875,69477
1,0.2,132862,197826,98800,74237,68960
1,0.2,132414,197457,99160,73834,69082
1,0.2,132989,196765,98612,74283,68782
1,0.2,132894,197075,99093,74039,68803
1,0.2,132142,196690,98273,74025,69015
1,0.2,132775,196984,98532,73862,69305
1,0.2,132023,197322,97967,73652,69606
2,0.4,79536,133999,72032,55699,54089
2,0.4,79540,133725,72184,55673,53390
2,0.4,79657,133499,72222,56005,54093
2,0.4,79882,133427,71951,55828,53651
2,0.4,79139,133918,72081,55813,54004
2,0.4,79534,133356,71607,55549,53793
2,0.4,79272,133063,71690,55916,53194
2,0.4,79079,133794,72046,55815,53374
2,0.4,79686,133892,72268,55604,53708
2,0.4,79442,134179,71695,55673,53554
2,0.4,79309,133722,72163,55853,53834
2,0.4,78874,133852,71998,55740,53761
2,0.4,79882,133958,71924,55924,53791
2,0.4,79812,133725,72081,55555,53992
2,0.4,79462,132863,72225,55468,54024
2,0.4,79451,133699,71778,55679,53694
2,0.4,79400,134247,71320,55676,53723
2,0.4,79583,133287,72413,55735,53752
2,0.4,79294,133767,72335,55925,53628
2,0.4,79158,133898,72305,55974,53835
3,0.6,50171,91278,52773,42339,41824
3,0.6,50000,91356,52772,41851,42051
3,0.6,50157,91166,52616,42232,41902
3,0.6,50372,91096,52320,42245,41449
3,0.6,50591,91518,52508,42024,42086
3,0.6,50314,91501,52856,41898,41569
3,0.6,50045,91056,52457,41956,41673
3,0.6,50495,90973,52387,42229,41283
3,0.6,50165,91355,52607,41674,41795
3,0.6,50140,91468,52629,41921,42110
3,0.6,50255,91005,52841,42034,41685
3,0.6,50257,91490,52523,42076,41763
3,0.6,50134,90940,52614,42381,41782
3,0.6,50129,91721,52874,42001,41590
3,0.6,50511,91068,52563,41890,41767
3,0.6,49944,91472,52613,42100,41423
3,0.6,50304,91417,52518,42065,41774
3,0.6,50358,91227,53354,42143,41822
3,0.6,50680,91479,52511,41858,41720
3,0.6,49583,91279,52701,42074,41372
4,0.8,32988,62905,38408,31661,32465
4,0.8,33043,62800,38550,31582,32447
4,0.8,32930,62684,38482,31471,32488
4,0.8,32929,62931,38513,31855,32815
4,0.8,32992,63189,38311,31542,32440
4,0.8,32971,62681,38397,31854,32346
4,0.8,33230,62352,38099,31758,32469
4,0.8,32943,62633,38673,31586,32819
4,0.8,33142,63089,38360,31718,32478
4,0.8,32920,62645,38386,31746,32517
4,0.8,33014,62874,38163,31781,32149
4,0.8,33131,62398,38527,31548,32275
4,0.8,33005,63311,38518,31592,32426
4,0.8,33125,63018,38145,31721,32566
4,0.8,32814,62883,38276,31805,32586
4,0.8,33061,62928,38647,31497,32448
4,0.8,32991,62371,38099,31661,32459
4,0.8,32964,62574,38568,31829,32826
4,0.8,32706,62714,38324,31673,32358
4,0.8,33592,62784,38306,31485,32990
5,1,21946,43792,27905,23979,25284
5,1,22002,43309,28098,23689,25162
5,1,21999,43790,27861,23951,25123
5,1,22123,43556,28570,24112,24956
5,1,22195,43730,28155,23883,25236
5,1,22114,43266,28388,23881,25335
5,1,22170,43651,28156,23754,25110
5,1,22324,43337,28191,23746,25063
5,1,22278,43180,28155,23747,25268
5,1,21874,43412,27875,23924,24911
5,1,22005,43590,28049,23448,25460
5,1,21901,43509,28127,23776,25179
5,1,22275,43554,28103,23509,25277
5,1,22190,43848,28098,23713,25265
5,1,22206,43070,28355,24123,25290
5,1,21987,43384,28447,23921,25276
5,1,21934,43622,28057,23718,25433
5,1,22165,43430,27946,23915,25353
5,1,22157,43413,28160,23581,25276
5,1,22119,43466,27865,23710,25204
6,1.2,15117,30529,20570,17927,19790
6,1.2,15047,30336,20382,17688,19639
6,1.2,15216,30456,20494,17959,19493
6,1.2,14941,30147,20760,18037,19603
6,1.2,14987,30142,20566,18112,19554
6,1.2,15152,30362,20478,18251,19772
6,1.2,15181,30200,20560,18044,19694
6,1.2,15221,30237,20335,18046,19736
6,1.2,15325,30467,20612,17857,19844
6,1.2,14757,30447,20705,17955,19402
6,1.2,15048,30218,20597,17877,19652
6,1.2,15072,30378,20756,17749,19712
6,1.2,15165,30416,20533,17687,19579
6,1.2,14830,30183,20358,17941,19504
6,1.2,15151,30532,20644,17769,19616
6,1.2,14978,30157,20393,17712,19741
6,1.2,15068,30283,20419,17969,19595
6,1.2,14990,30410,20558,17922,19649
6,1.2,15182,30415,20490,17791,19638
6,1.2,15094,30256,20548,18136,19411
7,1.4,10395,21294,14976,13557,15162
7,1.4,10465,21166,15232,13501,15242
7,1.4,10265,21245,15035,13600,15361
7,1.4,10559,21087,15173,13448,15180
7,1.4,10428,21483,14981,13611,15304
7,1.4,10278,21397,15131,13486,15217
7,1.4,10300,21214,15201,13576,15289
7,1.4,10283,21253,15035,13499,15115
7,1.4,10204,21265,15119,13628,15327
7,1.4,10427,21554,14961,13589,15338
7,1.4,10525,21532,15105,13526,15241
7,1.4,10364,21207,15094,13452,15243
7,1.4,10204,21300,15244,13375,15290
7,1.4,10484,21057,15053,13516,15124
7,1.4,10451,21161,14718,13394,15182
7,1.4,10241,20769,15205,13657,15280
7,1.4,10342,21341,14945,13628,15166
7,1.4,10437,21330,15154,13552,15290
7,1.4,10472,21264,15175,13725,15237
7,1.4,10260,21415,15219,13340,15385
8,1.6,7383,15083,10846,10128,11735
8,1.6,7255,15073,11081,10211,11896
8,1.6,7374,14960,10976,10205,11814
8,1.6,7133,15034,11110,10155,12024
8,1.6,7194,15199,11080,10268,11955
8,1.6,7108,14839,11029,10214,11867
8,1.6,7229,15069,11026,10088,11937
8,1.6,7176,15055,11111,10174,11943
8,1.6,7290,14970,11017,10296,11852
8,1.6,7174,15029,10829,10259,11852
8,1.6,7237,14629,11142,10050,11850
8,1.6,7369,15097,11230,10129,11665
8,1.6,7204,14925,11160,9921,11947
8,1.6,7147,15069,11156,10136,11982
8,1.6,7162,14937,11134,10142,11693
8,1.6,7419,14980,10793,10294,12057
8,1.6,7218,14945,11138,10004,11978
8,1.6,7245,15019,11167,10258,11707
8,1.6,7188,15000,11073,10037,11814
8,1.6,7247,15123,10875,10151,11777
9,1.8,5177,10611,8048,7636,9167
9,1.8,4944,10628,8115,7651,9116
9,1.8,5075,10580,8074,7715,9290
9,1.8,5169,10569,8189,7669,9265
9,1.8,5088,10650,8143,7680,9388
9,1.8,5024,10630,8161,7618,9142
9,1.8,5065,10569,8169,7676,9172
9,1.8,5191,10711,8052,7603,9257
9,1.8,5045,10653,8243,7576,9326
9,1.8,5073,10809,8053,7650,9481
9,1.8,4999,10457,8202,7726,9264
9,1.8,5052,10605,8223,7642,9108
9,1.8,4938,10419,8002,7651,9273
9,1.8,5121,10552,8040,7728,9207
9,1.8,5069,10687,8006,7684,9259
9,1.8,5050,10685,8211,7659,9115
9,1.8,5045,10657,8073,7721,9179
9,1.8,4955,10595,8114,7786,9284
9,1.8,5190,10795,8156,7658,9378
9,1.8,5007,10807,8171,7585,9093
10,2,3526,7551,5869,5743,7181
10,2,3584,7612,5918,5924,7147
10,2,3510,7415,6029,5777,7273
10,2,3494,7528,5992,5832,7264
10,2,3571,7727,5856,5842,7175
10,2,3570,7595,5821,5999,7223
10,2,3610,7807,5977,5858,7185
10,2,3572,7566,5932,5777,7293
10,2,3680,7578,6095,5821,7182
10,2,3582,7732,5920,5781,7249
10,2,3649,7627,5936,5904,7145
10,2,3555,7648,5831,5693,7266
10,2,3634,7440,5947,5892,7248
10,2,3462,7611,6012,5684,7366
10,2,3530,7559,6059,5859,7200
10,2,3564,7491,5943,5654,7307
10,2,3662,7646,6047,5686,7176
10,2,3601,7677,6011,5830,7261
10,2,3593,7599,6130,5853,7297
10,2,3549,7506,5811,5834,7232